Source,Target,T1610105053498449920,T1606110907838316544,T1604653731873800194,T1604179897274011652,T1597648648531505152
eassybuckets,jalenbrunson1,2,2,2,2,2
aamenoff,jalenbrunson1,2,2,2,2,2
sevenncostanza,jalenbrunson1,2,2,2,2,2
tottisharp,jalenbrunson1,2,2,2,2,2
LethalPasquale,jalenbrunson1,2,2,2,2,2
AnthonyMessias3,jalenbrunson1,2,2,2,2,2
3randyn,jalenbrunson1,2,2,2,2,2
EatingWs8,jalenbrunson1,2,2,2,2,2
LdEsq58,jalenbrunson1,2,2,2,2,2
eddiemac3356,jalenbrunson1,2,2,2,2,2
GD77_4,jalenbrunson1,2,2,2,2,2
Farret13Tejeda,jalenbrunson1,2,2,2,2,2
oldham_grant,jalenbrunson1,2,2,2,2,2
AlexLeeSays,jalenbrunson1,2,2,1,1,1
JeDiGoLLuM01,jalenbrunson1,1,1,1,2,1
theremorse9,jalenbrunson1,1,1,1,2,1
MACHO1223,jalenbrunson1,1,1,1,2,1
SHoopsYTReal,jalenbrunson1,1,1,2,1,1
Urcringe3,jalenbrunson1,2,1,1,1,1
nyserley,jalenbrunson1,1,1,2,1,1
kletoro,jalenbrunson1,2,1,1,1,1
wesy_b,jalenbrunson1,2,2,2,2,2
mell0248,jalenbrunson1,1,2,1,1,1
Lar_Foti,jalenbrunson1,2,2,2,2,2
ShuaibA12,jalenbrunson1,2,2,2,2,2
KanyeParr,jalenbrunson1,1,1,1,2,1
UsisJoan,jalenbrunson1,1,1,1,1,2
LVXPOSA,jalenbrunson1,1,1,2,1,1
BXGP228,jalenbrunson1,1,1,1,2,1
ChadDauphin,jalenbrunson1,1,1,1,1,2
UncleLace,jalenbrunson1,2,1,1,1,1
wonderprodyt,jalenbrunson1,1,2,1,2,1
JasonDemeter92,jalenbrunson1,1,2,1,2,1
Real_Mook,jalenbrunson1,2,2,2,2,2
Twins_DNA,jalenbrunson1,1,1,1,2,1
n0orum,jalenbrunson1,2,2,1,1,1
KarlRoyy,jalenbrunson1,1,2,1,1,1
Originator0,jalenbrunson1,1,2,1,1,1
JHoffman316,jalenbrunson1,1,1,1,1,2
knicktopia,jalenbrunson1,2,2,2,2,2
lizbe51117408,jalenbrunson1,2,1,1,1,1
Lonraydinho,jalenbrunson1,1,1,1,2,1
xDrexSznx,jalenbrunson1,2,1,1,1,1
cboesib,jalenbrunson1,2,1,1,1,1
nyknicks,jalenbrunson1,2,2,2,2,2
BooRadley1219,jalenbrunson1,1,2,1,1,1
Michael52005,jalenbrunson1,1,1,1,2,1
Amrmets15,jalenbrunson1,1,2,1,2,1
KNYT_Hoops,jalenbrunson1,2,2,2,2,1
ij_andretti,jalenbrunson1,1,1,1,2,1
kentpharious,jalenbrunson1,1,1,1,2,1
brassnevich1910,jalenbrunson1,1,1,2,1,1
tricksharden13,jalenbrunson1,2,1,1,1,1
RIPOPSMOKE,jalenbrunson1,1,1,1,2,1
bsanch929,jalenbrunson1,1,1,1,2,1
bmorelikestate,jalenbrunson1,1,1,1,2,1
Rylow__,jalenbrunson1,2,1,1,1,1
AndyWarHOV,jalenbrunson1,1,1,1,2,1
JSapoznikov,jalenbrunson1,2,1,1,1,1
avlev124,jalenbrunson1,2,1,1,1,1
rockman182,jalenbrunson1,1,2,1,2,1
LightsWife14,jalenbrunson1,2,2,1,1,1
mrsrikambrose,jalenbrunson1,1,1,1,2,1
Melissa15547858,jalenbrunson1,2,2,2,2,2
PrimeYsiadGL,jalenbrunson1,1,1,2,1,1
patrick33366350,jalenbrunson1,1,1,2,2,2
rayfordyoungjr,jalenbrunson1,1,2,1,1,1
DewayneKnicks,jalenbrunson1,1,1,1,2,1
TheKnicksWall,jalenbrunson1,2,1,1,1,1
Grahm2020,jalenbrunson1,1,2,1,1,1
AGoldExperience,jalenbrunson1,1,1,2,1,1
LetsTalkKnicks_,jalenbrunson1,2,2,1,1,1
_isramos,jalenbrunson1,1,1,1,2,1
boot_man_89,jalenbrunson1,1,1,1,2,1
TiMichel85,jalenbrunson1,2,2,2,2,2
thevexchild,jalenbrunson1,1,1,2,1,1
KneesOnMyNeck,jalenbrunson1,2,1,1,1,1
99Camross,jalenbrunson1,1,1,1,2,1
abryant13_,jalenbrunson1,2,2,1,1,1
Lindor12HOF,jalenbrunson1,1,1,1,2,1
Alexanderprau,jalenbrunson1,1,1,1,2,1
knicks81,jalenbrunson1,1,1,2,1,1
_zachblatter,jalenbrunson1,1,1,2,1,1
BrendanQ_1999,jalenbrunson1,2,2,2,2,2
RobbyVIBES,jalenbrunson1,2,1,1,1,1
OfficialLuke_1,jalenbrunson1,2,1,1,1,1
riveng17,jalenbrunson1,1,2,1,2,1
sleepy_eyessss,jalenbrunson1,2,1,1,1,1
TyreseMassey,jalenbrunson1,1,2,1,1,1
mikegonzalez12,jalenbrunson1,2,1,1,1,1
MatsLuffy,jalenbrunson1,2,1,1,1,1
ajgold95,jalenbrunson1,1,1,1,2,1
Sava6e2,jalenbrunson1,1,1,1,2,1
matt12r,jalenbrunson1,2,1,2,1,1
MZimmel,jalenbrunson1,1,1,1,2,1
danosul41149350,jalenbrunson1,2,1,1,1,1
Knicks97107463,jalenbrunson1,1,2,1,1,1
BufordTBuford,jalenbrunson1,1,1,1,2,1
TheJoseVilson,jalenbrunson1,2,2,2,2,2
PattyDubbs13,jalenbrunson1,2,1,1,1,1
DoubleReppukenn,jalenbrunson1,1,1,2,1,1
YohanRdgs91,jalenbrunson1,1,1,2,1,1
rjbarrett3567,jalenbrunson1,1,1,1,2,1
chrisdouglas73,jalenbrunson1,1,1,1,2,1
sheldongomes24,jalenbrunson1,1,2,1,1,1
ZeusDontCap,jalenbrunson1,1,1,1,2,1
itachicuad,jalenbrunson1,1,1,1,2,1
nathankohler07,jalenbrunson1,2,1,1,1,1
nycghouls,jalenbrunson1,2,1,1,1,1
payjalenbrunson,jalenbrunson1,2,2,2,2,2
NewYorkForeverM,jalenbrunson1,2,2,2,2,1
officialfader4,jalenbrunson1,1,2,1,1,1
chaselif3,jalenbrunson1,2,1,1,1,1
NYCSplxshinzYT,jalenbrunson1,2,1,1,1,1
Danny__boy__5,jalenbrunson1,2,1,1,1,1
X2_notdrippzy,jalenbrunson1,2,1,1,1,1
Shaneyb1122,jalenbrunson1,2,1,1,1,1
JackShelstad,jalenbrunson1,1,1,2,1,1
DaBman24,jalenbrunson1,1,1,1,2,1
deone_djr,jalenbrunson1,1,1,2,1,1
wweotto28,jalenbrunson1,1,1,1,2,1
antkilla520,jalenbrunson1,1,2,1,1,1
RDelreno,jalenbrunson1,1,1,1,2,1
WEHATERELL,jalenbrunson1,2,1,1,1,1
kelsstizzle,jalenbrunson1,1,1,1,2,1
TheDuttReport,jalenbrunson1,1,2,1,1,1
BeenHim10,jalenbrunson1,2,2,2,1,2
Sprewellfan8,jalenbrunson1,2,1,1,1,1
sabersburner,jalenbrunson1,1,2,2,1,2
9Fios,jalenbrunson1,2,2,2,2,2
ImJusEasyE,jalenbrunson1,2,1,1,1,1
TheMeccaMSG,jalenbrunson1,1,2,1,1,1
Knickfan881,jalenbrunson1,2,2,2,2,2
StrawhatJerry,jalenbrunson1,1,1,1,2,1
loopylifepiif,jalenbrunson1,2,1,1,1,1
SeanSherbs07,jalenbrunson1,2,1,2,1,1
denzeljuliob,jalenbrunson1,1,2,1,1,1
RPennington28,jalenbrunson1,2,1,1,1,1
BrookLOSny,jalenbrunson1,1,2,1,1,1
Brunoi1223,jalenbrunson1,1,2,1,1,1
ALGA621,jalenbrunson1,1,1,1,2,1
KAV3man03,jalenbrunson1,2,1,1,1,1
Knicksgalaxy93,jalenbrunson1,1,1,1,2,1
BarrettsGoat,jalenbrunson1,2,2,2,2,1
ElfassyLevi,jalenbrunson1,1,1,1,2,1
BenchWarmerPost,jalenbrunson1,1,1,1,2,1
PSchrantz00,jalenbrunson1,2,1,1,1,1
NBA_NewYork,jalenbrunson1,2,2,2,2,2
dysothy,jalenbrunson1,2,1,1,1,1
cazomsw,jalenbrunson1,1,2,1,1,1
TAPEDByKnicks,jalenbrunson1,2,1,2,2,2
knicks_union,jalenbrunson1,2,1,1,1,1
EricaDech,jalenbrunson1,2,1,1,1,1
MRFYNF,jalenbrunson1,1,2,1,1,1
BenonthatBS,jalenbrunson1,1,1,1,2,1
ligsNY,jalenbrunson1,1,1,1,2,1
imissbreecehall,jalenbrunson1,2,1,1,1,1
tomogenesis10,jalenbrunson1,1,1,1,2,1
MatthewSeltzer1,jalenbrunson1,2,1,1,1,1
Baylee309,jalenbrunson1,2,1,1,1,1
cheray_12,jalenbrunson1,2,1,1,1,1
AnthonyEachus,jalenbrunson1,2,1,1,1,1
jamesgordineer3,jalenbrunson1,2,1,1,1,1
jgordon2012,jalenbrunson1,2,1,1,1,1
MIScards,jalenbrunson1,2,1,1,1,1
AcezVR,jalenbrunson1,1,2,1,1,1
M00KSTER44,jalenbrunson1,2,1,1,1,1
Justustalking2,jalenbrunson1,1,1,1,2,1
msheldon24,jalenbrunson1,2,1,1,1,1
GangGreenNYK,jalenbrunson1,2,1,1,1,1
2CantPlay,jalenbrunson1,1,1,2,1,1
_KyleGeddes_,jalenbrunson1,2,1,1,2,1
MikeStantonSZN,jalenbrunson1,1,1,2,2,1
greenonyodome,jalenbrunson1,1,1,1,2,1
PleaseGuardMike,jalenbrunson1,2,2,2,2,2
KNICKSTAPE67,jalenbrunson1,1,1,2,1,1
WyattSully,jalenbrunson1,1,2,1,2,1
dbweinfeld,jalenbrunson1,2,1,1,2,1
fillyfandan,jalenbrunson1,2,1,1,1,1
whodiswoman,jalenbrunson1,1,2,1,1,1
KnicksM0m,jalenbrunson1,1,2,1,2,1
RocThaChosen1,jalenbrunson1,1,2,2,2,1
_LMiiguel,jalenbrunson1,1,1,1,2,1
Easymonetray7,jalenbrunson1,2,1,1,1,1
jesswill02,jalenbrunson1,2,2,2,2,2
sdrose14,jalenbrunson1,1,1,1,1,2
GGoknicks,jalenbrunson1,1,1,1,2,1
JoshuaJMoreno,jalenbrunson1,1,1,1,2,1
DappperMax,jalenbrunson1,1,1,2,1,1
ssalandy9,jalenbrunson1,1,1,2,2,1
KnicksNIsh,jalenbrunson1,1,2,1,1,1
knicksneverends,jalenbrunson1,2,1,1,1,1
arizonaballer23,jalenbrunson1,1,1,1,2,1
n_abizzy2n2,jalenbrunson1,2,2,2,1,2
Rokco_,jalenbrunson1,2,1,1,1,1
Reggiecurry8,jalenbrunson1,2,2,2,2,2
KnickWitAtitude,jalenbrunson1,1,2,1,1,1
onlypainreyno,jalenbrunson1,2,2,2,2,1
mellamopk,jalenbrunson1,1,1,1,2,1
Mikey_Cooks,jalenbrunson1,1,1,1,2,1
TheBronxPulse,jalenbrunson1,1,1,2,1,1
VidalChai,jalenbrunson1,2,1,1,1,1
anthonylupini,jalenbrunson1,2,1,1,2,1
PostseasonJones,jalenbrunson1,1,1,1,2,1
DaBirdizDaWord,jalenbrunson1,1,1,1,2,2
sammydabber,jalenbrunson1,2,1,1,1,1
h0ldingplace,jalenbrunson1,1,1,1,2,1
pezdspencer_,jalenbrunson1,1,1,1,2,1
SleepEmOut,jalenbrunson1,1,1,1,2,1
HotTea7726,jalenbrunson1,1,1,2,1,1
BoughtAtAPrice7,jalenbrunson1,1,1,1,1,2
DuckyKnowsBall,jalenbrunson1,2,2,1,1,1
Karan9178,jalenbrunson1,1,2,1,2,1
StabTheCrab,jalenbrunson1,1,2,1,1,1
sotg91,jalenbrunson1,1,1,1,2,1
marlinfechas,jalenbrunson1,2,1,1,2,1
duro_nyc,jalenbrunson1,1,1,1,2,1
Echavez24,jalenbrunson1,1,2,1,1,1
TheTamirMoore,jalenbrunson1,2,1,1,1,1
__brooksy,jalenbrunson1,1,2,2,1,2
ChoosenBuns,jalenbrunson1,1,1,1,2,1
Taconacho11,jalenbrunson1,2,1,1,1,1
DiegoPi05034627,jalenbrunson1,2,1,1,1,1
Besimtweets,jalenbrunson1,1,1,1,2,1
weshjazz,jalenbrunson1,2,2,2,1,2
itsronezzy,jalenbrunson1,2,1,1,1,1
rads619,jalenbrunson1,1,1,1,2,1
BrownsvilleNYK,jalenbrunson1,1,1,2,1,1
Ransdelzkii,jalenbrunson1,2,2,2,2,2
TakisLakis7,jalenbrunson1,2,2,2,1,2
Wirmss,jalenbrunson1,1,2,1,1,1
ringdingspepsi,jalenbrunson1,1,1,1,2,1
NovaNationer,jalenbrunson1,1,1,1,2,1
darocho712,jalenbrunson1,2,1,1,1,1
alva_wave,jalenbrunson1,2,1,1,1,1
MarakotvitsWin,jalenbrunson1,1,1,1,2,2
Lord__Steez,jalenbrunson1,2,1,1,1,1
mcelwainYo,jalenbrunson1,1,1,1,2,1
BusterEriksson,jalenbrunson1,1,1,2,2,1
chancebarnhill,jalenbrunson1,1,2,1,1,1
QNC2,jalenbrunson1,2,2,2,2,2
knickswintrack,jalenbrunson1,1,2,2,2,2
hyzy_craig,jalenbrunson1,2,2,2,2,2
randomguy11233,jalenbrunson1,1,2,1,2,1
G_Reg18,jalenbrunson1,2,1,1,1,1
joshy_q,jalenbrunson1,1,2,2,2,2
Dametime2011,jalenbrunson1,2,1,1,2,1
sxpreme34,jalenbrunson1,1,1,1,2,1
jadedknixfan,jalenbrunson1,1,1,1,1,2
quickleyFanPag5,jalenbrunson1,1,1,1,2,1
nfgsteve,jalenbrunson1,1,1,2,1,1
Do_Thangs_,jalenbrunson1,1,1,1,2,1
tiririxz,jalenbrunson1,1,1,1,2,1
jon_appel,jalenbrunson1,1,1,1,2,1
josephdidato,jalenbrunson1,1,1,1,2,1
yujx_kk,jalenbrunson1,1,1,2,1,1
Roger_920,jalenbrunson1,2,1,1,1,1
TheNBPA,jalenbrunson1,2,1,1,1,1
knickstapeuk,jalenbrunson1,1,2,1,1,1
9Phantom6,jalenbrunson1,1,1,1,1,2
AminDamelaa,jalenbrunson1,1,1,2,1,1
ShaneLee_4,jalenbrunson1,1,1,1,2,1
drthuganomicsOG,jalenbrunson1,2,1,1,1,1
fahydog,jalenbrunson1,2,1,1,1,1
Zikuzuku,jalenbrunson1,1,1,1,2,1
numbersguydfs,jalenbrunson1,1,1,1,2,1
Doctor_Seraphim,jalenbrunson1,2,1,1,1,1
jcsports33,jalenbrunson1,1,1,1,2,1
LiorLampert1,jalenbrunson1,1,1,1,2,1
ScottSteel14,jalenbrunson1,1,1,1,2,1
reedreadreid,jalenbrunson1,1,1,2,1,1
Hayden_Backlund,jalenbrunson1,2,1,1,1,1
BigKnickEnergy_,jalenbrunson1,1,1,2,1,1
james_abanto,jalenbrunson1,2,1,1,1,1
TrulyBrito247,jalenbrunson1,1,1,1,2,1
lydia_shanen,jalenbrunson1,1,1,2,1,1
amyzambranoyoga,jalenbrunson1,1,1,1,1,2
danieltooslick,jalenbrunson1,2,2,1,1,1
YusufHawkins1,jalenbrunson1,1,1,1,2,1
victorrasuk,jalenbrunson1,2,1,1,1,1
hopefulmetsfan,jalenbrunson1,2,2,2,1,2
michellemccombs,jalenbrunson1,2,1,1,1,1
DanielPerez_MOI,jalenbrunson1,2,2,2,1,2
cookie23brony,jalenbrunson1,2,1,1,1,1
holliboy1997,jalenbrunson1,1,2,1,1,1
MikeBreenBangs,jalenbrunson1,1,2,1,1,1
kyleneptune,jalenbrunson1,1,1,1,1,2
Always_The_Over,jalenbrunson1,2,2,2,1,2
giantsfan826,jalenbrunson1,1,1,1,2,1
tommyades_,jalenbrunson1,1,1,1,2,1
jaek_up,jalenbrunson1,1,2,1,1,1
bmo_chop95,jalenbrunson1,2,2,2,1,2
BrickyBricardo,jalenbrunson1,2,1,1,1,1
simobarbio,jalenbrunson1,2,1,1,1,1
jhyphenmike,jalenbrunson1,1,1,1,2,1
KnicksJack,jalenbrunson1,1,1,1,2,1
WalrusTM,jalenbrunson1,1,2,2,1,1
bxburner718,jalenbrunson1,1,1,1,1,2
NovaGal47,jalenbrunson1,1,1,1,2,1
kopf_johnny,jalenbrunson1,2,2,2,1,2
errrbodyluv4k,jalenbrunson1,1,2,1,1,1
XOTWODNYK,jalenbrunson1,2,1,1,1,1
BrandonOlsh,jalenbrunson1,2,1,1,1,1
jimmybycicle,jalenbrunson1,2,1,1,2,1
jjgidwani12,jalenbrunson1,1,1,1,2,1
ish_slim,jalenbrunson1,2,2,2,1,2
BanditOnBandit,jalenbrunson1,2,1,1,1,1
Rbo90z,jalenbrunson1,2,1,1,1,1
clh14210,jalenbrunson1,2,1,1,1,1
Izzythenyrfan,jalenbrunson1,1,1,1,2,1
JohnTypes,jalenbrunson1,1,2,1,1,1
OfficiaIEvan,jalenbrunson1,2,1,1,1,1
TeRRoRR,jalenbrunson1,2,2,2,1,2
luminosa98,jalenbrunson1,2,2,2,1,2
FlightRap32,jalenbrunson1,1,1,2,1,1
paolothecatdad,jalenbrunson1,1,1,1,2,1
vuwildcat07,jalenbrunson1,1,1,1,1,2
LionLongcrest,jalenbrunson1,1,2,1,1,1
MaxKeplerGOAT,jalenbrunson1,2,1,1,1,1
Tracey1Reid,jalenbrunson1,2,1,1,1,1
slimezii,jalenbrunson1,1,2,1,1,1
Philthegoat__,jalenbrunson1,2,1,1,1,1
Joseph_B59,jalenbrunson1,1,1,1,2,1
SHRIMPFRIEDFLEE,jalenbrunson1,1,1,1,2,1
cruzsteelski,jalenbrunson1,1,1,1,2,1
JoeySmoke14,jalenbrunson1,1,1,1,1,2
BrainboxCharlie,jalenbrunson1,1,1,1,2,1
Brodyson87,jalenbrunson1,1,1,1,2,1
vincntvrs,jalenbrunson1,1,2,1,1,1
knicks4life80,jalenbrunson1,1,2,1,1,1
danner_emma15,jalenbrunson1,2,1,1,1,1
samirsnipez,jalenbrunson1,1,1,1,2,1
Retrohan,jalenbrunson1,1,1,1,2,1
Nexzyyyyy,tottisharp,2,2,2,2,2
Truth67001527,TheKnicksWall,2,2,2,2,2
kristapzolikina,TheKnicksWall,2,2,2,2,2
CharlieWayy_,nyknicks,1,2,1,1,1
tillerszznn,TheKnicksWall,2,1,1,1,1
Povediitz,nyknicks,1,1,1,2,1
Flxw29,TheKnicksWall,1,1,1,2,1
Manuel_Arispe_3,TheNBPA,2,1,1,1,1
_Zhrly,nyknicks,1,1,1,2,1
robtorrescomedy,nyknicks,2,1,1,1,1
whoisgaryb,nyknicks,1,1,1,2,1
_Joaquin05,nyknicks,1,1,2,1,1
_FatPapiOrtiz,nyknicks,2,1,1,1,1
rahmmagick,BrownsvilleNYK,1,2,1,1,1
killahdexx,BusterEriksson,1,2,1,2,1
ATLChamps2022,TheKnicksWall,2,1,1,2,1
chewingaqua,NBA_NewYork,1,2,1,1,1
maxplswin,NewYorkForeverM,1,1,1,2,1
VladimirLik,victorrasuk,2,1,1,1,1
TheMafiaKing101,ligsNY,2,1,1,1,1
Boricuayankee1,LetsTalkKnicks_,2,1,1,1,1
OwnedbyJacoby,nyknicks,2,1,1,1,1
Amoney_05,TheKnicksWall,2,1,1,1,1
degeneratejackk,nyknicks,1,1,1,2,1
sammyhaziq,nyknicks,2,2,2,2,2
TeamZenon,UncleLace,2,1,1,1,1
DubsForever30,avlev124,2,1,1,1,1
patrickbuzzell,TheNBPA,2,1,1,1,1
majorisnotreal,nyknicks,1,1,2,1,1
TheNRHour_,TheNBPA,2,1,1,1,1
vasquez_nicolem,cboesib,2,1,1,1,1
XIIIsicnarF,TheKnicksWall,2,1,1,1,1
Spencz1997,Hayden_Backlund,2,1,1,1,1
bharriger28,clh14210,2,1,1,1,1
MFZOOM12,NBA_NewYork,1,1,1,2,1
JusCallMeLani,LetsTalkKnicks_,1,1,1,1,2
King788970091,nyknicks,2,2,2,2,2
Mark_Gawenus,nyknicks,1,1,1,2,1
GrassRootSportz,TheNBPA,2,1,1,1,1
whoisoriginel,LetsTalkKnicks_,1,2,1,1,1
ElWormy,nyknicks,2,1,1,1,1
dann_thee_man,TheNBPA,2,1,1,1,1
nba__taichi,LetsTalkKnicks_,1,1,1,2,1
BradyAustin98,LetsTalkKnicks_,2,2,2,2,2
Bossladi_1212,TheNBPA,2,1,1,1,1
Andrew_Costley,NBA_NewYork,1,1,2,1,1
itsmeRiriMo,nyknicks,2,1,2,1,1
gabeparra07,nyknicks,1,1,1,2,1
claudiodijo,nyknicks,2,1,1,1,1
kingkhamba,TheNBPA,2,1,1,1,1
jonahrosss,TheKnicksWall,1,1,1,2,1
__B3RT,TheKnicksWall,2,1,1,1,1
BUFSportsTalk,clh14210,2,1,1,1,1
TZiefert,NBA_NewYork,1,1,1,2,1
RoomanZahid1,avlev124,2,1,1,1,1
iamGhOsT_Davis,TheNBPA,2,1,1,1,1
SATC_Addict,TheNBPA,2,1,1,1,1
RatchetSmurf,LetsTalkKnicks_,2,1,1,1,1
marL0wE,NBA_NewYork,2,2,2,2,2
LeDamianBurner,avlev124,2,1,1,1,1
ChristopherSpad,nyknicks,2,1,1,1,1
Chiefs_Kingdom_,TheNBPA,2,1,1,2,1
Dattfranco,weshjazz,1,2,1,1,1
LataviusBolden,nyknicks,1,1,1,2,1
elits02,ElfassyLevi,2,1,1,1,1
allmy_NY_blues,NBA_NewYork,1,2,1,1,1
MannyUSoDope,nyknicks,1,1,1,2,1
CoolKidShawn,TheNBPA,2,1,1,1,1
AJ_BornReady423,TheKnicksWall,1,1,1,2,1
DorothyJGentry,TheNBPA,2,1,1,1,1
kingboog__,nyknicks,1,1,1,2,1
FutureNBA0wner,Justustalking2,2,1,1,1,1
VictorSharma12,LetsTalkKnicks_,2,2,1,2,1
NYGreenMachine,LetsTalkKnicks_,2,1,1,1,1
ChandlerJourdan,nyknicks,2,1,1,1,1
LC_BANKS_,nyknicks,1,1,1,2,1
lightskinnednig,TheNBPA,1,1,1,2,1
_asaprebel,NBA_NewYork,1,2,1,1,1
IvannFlorian,nyknicks,1,1,1,2,1
DennisUltima,nyknicks,1,1,1,2,1
HaiderA35,NBA_NewYork,1,2,1,1,1
harden_ken,TheNBPA,1,1,1,2,1
caterpillareye,NBA_NewYork,1,2,1,1,1
DavidOrehosky,NBA_NewYork,2,1,1,1,1
Ivan_J_Lucero,TheNBPA,2,1,1,1,1
gsauce99,nyknicks,1,1,1,2,1
Equint77,DappperMax,1,1,2,2,1
juanteztiqal,nyknicks,1,2,2,1,2
Krichard413,TheKnicksWall,1,1,1,2,1
Z3r0_Time,LetsTalkKnicks_,1,2,1,1,1
myfine100,nyknicks,1,1,1,2,1
joey10_,NBA_NewYork,1,1,1,2,1
KevinMcKeonJr,nyknicks,1,1,2,1,1
Stackj1994,nyknicks,2,1,1,1,1
nygiantsfan717,nyknicks,2,1,1,1,1
HaydenFried,nyknicks,1,1,1,2,1
PattySprewell,BrownsvilleNYK,1,2,1,1,1
Sayed_Skywalker,LetsTalkKnicks_,1,2,1,1,1
MikeyC_93,nyknicks,1,1,1,2,1
mattkomi34,nyknicks,2,1,1,1,1
JosephWilliamQ3,nyknicks,1,1,1,2,1
Cookedbynobody,avlev124,2,1,1,1,1
mostcallmecoach,TheKnicksWall,2,1,1,1,1
RodFerreiraBFR,TheKnicksWall,2,1,1,1,1
PisiReyes,matt12r,2,1,1,1,1
BigLevelsDriver,reedreadreid,1,1,1,2,1
nick__cipolla,TheKnicksWall,1,1,1,2,1
AdamFoxYaMotha,avlev124,2,1,1,1,1
PaulSeery6,BigKnickEnergy_,1,1,1,2,1
Haz_Pundaz,TheNBPA,2,1,1,1,1
YFF_Mel,Lord__Steez,2,1,1,1,1
Mota_Gilbert,nyknicks,1,1,2,1,1
Air_Jay13,NBA_NewYork,1,2,1,1,1
NCanny2,RIPOPSMOKE,1,1,1,2,1
KRISPY_KREME23,TheKnicksWall,1,1,2,2,1
Habino_,NBA_NewYork,2,1,1,1,1
DailySabonis,NBA_NewYork,2,2,2,2,2
echoisthename,LetsTalkKnicks_,1,1,1,2,1
nato_base,NBA_NewYork,1,2,1,1,1
BlackHeartCris,nyknicks,1,1,2,2,1
Hi_Its_Vincent,tottisharp,2,1,1,1,1
MannyAda9988197,anthonylupini,1,1,1,2,1
NicoloPicolo123,NBA_NewYork,1,2,1,1,1
soupboy888,nyknicks,1,1,1,2,1
Bsweeney108,TheKnicksWall,1,1,2,1,1
SchlongJimmy,nyknicks,1,1,1,2,1
JonesBeliever,TheKnicksWall,2,1,1,1,1
TreyBrewer1503,avlev124,2,1,1,1,1
allmoneyinchris,LetsTalkKnicks_,1,2,1,2,1
kylecohenNBA,knicks81,1,2,1,1,1
Kadake2242,TheNBPA,2,1,1,1,1
MrChristian__,nyknicks,1,1,2,1,1
BKelly1123,TheKnicksWall,1,1,1,2,1
mattmittenthal,TheKnicksWall,1,1,1,2,1
maurluna,nyknicks,1,1,1,2,1
tree33251,_zachblatter,1,2,1,1,1
cynicalknicks,FlightRap32,1,1,1,2,1
iamterrancew,TheKnicksWall,2,1,1,1,1
Migwell1231,nyknicks,2,1,1,1,1
Knicks_Sushi,NBA_NewYork,1,1,1,2,1
NathanBarry9,nyknicks,2,1,1,1,1
TommyBeer,NBA_NewYork,1,1,1,2,2
Freemelly1,NBA_NewYork,2,1,1,1,1
ralph_goduco,nyknicks,1,1,1,2,1
Reyes_knicks,TheKnicksWall,2,2,2,2,2
phantoonie,nyknicks,1,1,1,2,1
_stamen,TheKnicksWall,1,1,1,2,1
MarkLoreal13,nyknicks,1,1,1,2,1
shotnewyork33,NBA_NewYork,1,1,2,1,1
GenerousChris,kyleneptune,1,1,1,2,1
Spirit_of_a_G,NBA_NewYork,2,1,1,1,1
anthony22fk,TheKnicksWall,1,1,1,2,1
Obolatcan24,nyknicks,1,2,1,1,1
jackg251,TheKnicksWall,2,1,1,1,1
Don1396,NewYorkForeverM,1,1,1,2,1
StonedReacts,avlev124,2,1,1,1,1
stevenkyle64,nyknicks,2,1,1,1,1
boriyank,LetsTalkKnicks_,1,1,2,2,1
HaydenHunter_12,NBA_NewYork,1,2,1,1,1
BostonKnick,FlightRap32,2,1,1,1,1
aesposito1,nyknicks,1,1,1,2,1
AhsokaMaximoff,avlev124,2,1,1,1,1
Ms_JmeK,TheNBPA,2,1,1,1,1
CheetahKing_800,nyknicks,2,2,2,1,2
danvelasco__,ShuaibA12,1,1,1,2,1
SillyAwesome,LetsTalkKnicks_,2,2,2,1,2
emmvko,nyknicks,1,2,1,1,1
mattorellana95,nyknicks,1,1,1,2,1
CTdaps,nyknicks,1,1,1,2,1
FoySauce7,nyknicks,1,1,1,2,1
YoungJuss,NBA_NewYork,2,1,1,1,1
nickgen128,LetsTalkKnicks_,1,2,1,2,1
NewYorkCapone,LetsTalkKnicks_,1,1,1,2,1
Freedaoliver11,nyknicks,2,1,1,1,1
NonGoatGuy,NBA_NewYork,1,1,1,2,1
jacksun348,nyknicks,1,1,1,2,1
ecint2,TheNBPA,2,1,1,1,1
EriqueFernando,LetsTalkKnicks_,1,2,2,1,2
yasinthagreat,nyknicks,1,1,1,2,1
SoySuggar,NBA_NewYork,1,2,1,1,1
zelens0,LetsTalkKnicks_,1,1,1,2,1
ahhzure,NBA_NewYork,2,2,2,1,2
RicanJuan,nyknicks,1,1,2,1,1
geoff_boy_ardee,BrownsvilleNYK,2,1,1,1,2
DopeKidNextDoor,nyknicks,1,1,2,1,1
CoreasBenjamin,TheKnicksWall,2,1,1,1,1
JohnFranco132,TheKnicksWall,1,1,2,1,1
TomZbranak,nyknicks,1,1,1,2,1
ferromike_,TheKnicksWall,1,1,2,2,1
SplashMelo,LetsTalkKnicks_,1,2,1,1,1
cologneloring,Sprewellfan8,1,1,2,1,1
PrimeJakey,TheKnicksWall,1,1,2,2,1
milesad24,TheKnicksWall,1,1,2,1,1
OJTheNigerian,DorothyJGentry,1,2,1,1,1
dbo2mo,cynicalknicks,1,1,1,2,1
yym1987,BUFSportsTalk,2,1,1,1,1
BSTeGz,ChandlerJourdan,2,1,1,1,1
castielmach,FutureNBA0wner,1,1,1,2,1
CookBetta,BUFSportsTalk,2,1,1,1,1
ConsumedLumbago,maxplswin,2,1,1,1,1
ayabdeen,rahmmagick,2,1,1,1,1
itsunjaf,DorothyJGentry,2,1,1,1,1
hamastariq_,Obolatcan24,1,2,1,1,1
CP3Stan,DubsForever30,1,1,1,2,1
CookiesHoops,Povediitz,1,1,1,2,1
spencerf30,FutureNBA0wner,2,1,1,1,1
_kyonaj,Cookedbynobody,1,1,1,2,1
SloppyBowser,FutureNBA0wner,1,1,1,2,1
LoLifeTweets,BUFSportsTalk,2,1,1,1,1
CordellCockett3,FutureNBA0wner,1,1,1,2,1
TPhenom412,CookBetta,2,1,1,1,1
ericmass_,CookiesHoops,1,1,1,2,1
shamya88,_kyonaj,2,1,1,1,1
yyulisaa_yt,shamya88,2,1,1,1,1
OnlyOneGil,jalenbrunson1,3,3,3,4,3
brill1066,jalenbrunson1,3,3,3,4,3
finesse_father,jalenbrunson1,3,3,3,4,3
Sdot_Meezy,jalenbrunson1,3,3,3,4,3
_ASAP_Icy,jalenbrunson1,3,3,3,4,3
Johnnyboy9919,jalenbrunson1,3,3,3,4,3
Ozil_Boss,jalenbrunson1,3,3,3,4,3
gabriel25122016,jalenbrunson1,3,3,3,4,3
Shirelovesspurs,jalenbrunson1,3,3,3,4,3
Garyinsect,jalenbrunson1,3,3,3,4,3
izayBoltUp,jalenbrunson1,4,3,3,3,3
enckrsthn,jalenbrunson1,3,3,3,4,3
felicevistony,jalenbrunson1,4,3,3,3,3
OutGrindU,jalenbrunson1,3,3,3,4,3
ScoopHuncho1,jalenbrunson1,3,3,3,4,3
Sir_Marjhaye94,jalenbrunson1,3,3,3,4,3
6TrapWhat,jalenbrunson1,3,3,3,4,3
justice_e23,jalenbrunson1,3,3,3,4,3
CBF_yordy23,jalenbrunson1,3,3,3,4,3
renjovert,jalenbrunson1,3,3,3,4,3
rose73779020,jalenbrunson1,3,3,3,4,3
pawhittingham,jalenbrunson1,3,3,3,4,3
tlop55555,jalenbrunson1,3,3,3,4,3
taviankcolemann,jalenbrunson1,4,3,3,3,3
_benji99,jalenbrunson1,3,3,3,4,3
nick_upper,jalenbrunson1,3,3,3,4,3
a25nahoum,jalenbrunson1,3,4,3,3,3
ballliketrev,jalenbrunson1,3,3,3,4,3
whoallinhere,jalenbrunson1,3,3,3,4,3
jactually_,jalenbrunson1,3,3,3,4,3
FSpeech69,jalenbrunson1,3,3,3,4,3
emilliiooo,jalenbrunson1,3,3,3,4,3
LeleDylan,jalenbrunson1,3,3,3,4,3
Angelo24909449,jalenbrunson1,3,3,3,4,3
princetrunkz03,jalenbrunson1,4,3,3,3,3
aaronddehoyos,jalenbrunson1,3,3,3,4,3
Jonboiii4,jalenbrunson1,4,4,4,4,4
jonafranco_,jalenbrunson1,3,3,3,4,3
OtfDanny300,jalenbrunson1,4,3,3,3,3
cord3321,jalenbrunson1,4,3,3,3,3
Masonreed100,jalenbrunson1,4,3,3,3,3
KevinConstant5,jalenbrunson1,3,3,3,4,3
Gurmukhcheema1,jalenbrunson1,3,3,3,4,3
000JohnPaul000,jalenbrunson1,3,3,3,4,3
zanemaletsky,jalenbrunson1,4,3,3,3,3
ShemPanaguiton,jalenbrunson1,3,3,3,4,3
franfcardoso,jalenbrunson1,3,3,3,4,3
Sampson_JoelA,jalenbrunson1,4,4,4,4,4
pap1matt,jalenbrunson1,4,3,3,3,3
kevinamerica_,jalenbrunson1,3,3,3,4,3
dubnation971,jalenbrunson1,3,3,3,4,3
KPhucinTrann,jalenbrunson1,3,3,3,4,3
lucenteee,jalenbrunson1,3,3,3,4,3
_excelsus,jalenbrunson1,4,3,3,3,3
devjrba1863,jalenbrunson1,3,3,3,4,3
Sports_Psg_Mavs,jalenbrunson1,4,4,4,4,4
ASAPGoody,jalenbrunson1,3,3,3,4,3
kaiden_gehret,jalenbrunson1,3,3,3,4,3
jmr_ctctn,jalenbrunson1,3,3,3,4,3
DrippinSauceeee,jalenbrunson1,4,3,3,3,3
NW52231773,jalenbrunson1,3,3,3,4,3
eli_balcarcel2,jalenbrunson1,3,3,3,4,3
devoospam,jalenbrunson1,4,3,3,3,3
BOO_M_CTW,jalenbrunson1,4,3,3,3,3
dherrera556,jalenbrunson1,3,3,3,4,3
LBoiiRod,jalenbrunson1,3,3,3,4,3
plasma_2k,jalenbrunson1,4,3,3,3,3
YourFreeChicken,jalenbrunson1,4,3,3,3,3
TheRedMarn,jalenbrunson1,4,4,4,4,4
SeanLou79469689,jalenbrunson1,4,4,4,3,4
joshm2847,jalenbrunson1,3,3,3,4,3
ChrisBr37751140,jalenbrunson1,4,3,3,3,3
MonaLighty,jalenbrunson1,4,3,3,3,3
mido_catic,jalenbrunson1,3,3,4,3,3
PerccFranklin,jalenbrunson1,3,4,3,3,3
tanRRRb,jalenbrunson1,3,3,3,4,3
bagboykay,jalenbrunson1,3,3,3,3,4
thegodyt231,jalenbrunson1,3,3,3,4,3
_gracescott,jalenbrunson1,3,3,3,4,3
danaeusun7,jalenbrunson1,3,3,3,4,3
Sir_Gutta_,jalenbrunson1,4,4,4,4,4
y88261014,jalenbrunson1,4,3,4,4,4
WestheimerRicky,jalenbrunson1,3,3,3,4,3
unluckycrickett,jalenbrunson1,3,3,3,4,3
butcracjack,jalenbrunson1,3,3,3,4,3
w1ckedkai,jalenbrunson1,3,3,3,4,3
LaloOrtega723,jalenbrunson1,3,3,3,4,3
antinoro_nik,jalenbrunson1,3,3,3,4,3
cumbiacalnte76,jalenbrunson1,3,3,3,4,3
djarev,jalenbrunson1,3,3,3,4,3
JoseyDope,jalenbrunson1,3,3,3,4,3
kacy_okafor,jalenbrunson1,3,3,3,4,3
pingpong512,jalenbrunson1,3,3,3,4,3
ronrowan5,jalenbrunson1,4,4,4,3,4
GargerJake,jalenbrunson1,4,3,3,3,3
YumCaleb,jalenbrunson1,3,3,3,4,3
CrayonCarolyne2,jalenbrunson1,3,3,3,4,3
KashXandicoot_,jalenbrunson1,3,3,3,4,3
thecw_16,jalenbrunson1,3,3,3,4,3
VhuntertvB,jalenbrunson1,4,3,3,3,3
manning_jashun,jalenbrunson1,3,3,3,4,3
LAPG99212216,jalenbrunson1,3,3,3,4,3
luyenchou,jalenbrunson1,4,4,4,3,4
yuliayaire,jalenbrunson1,3,3,3,4,3
Elx4life,jalenbrunson1,3,3,3,4,3
Strunky_monkey,jalenbrunson1,4,3,3,3,3
Giselleeee_214,jalenbrunson1,4,3,3,3,3
MGoldstein_1,jalenbrunson1,3,3,3,4,3
zacharytaylor28,jalenbrunson1,4,3,3,3,3
1900jerry_,jalenbrunson1,3,4,4,3,4
VznryMind,jalenbrunson1,3,3,3,4,3
scottalphonso98,jalenbrunson1,3,3,3,4,3
dobbiedts_,jalenbrunson1,4,3,3,3,3
TheRealEv6,jalenbrunson1,4,3,3,3,3
KittTwo,jalenbrunson1,4,3,3,3,3
