Source,Target,t1612576063296622614,t1612576063296622614_time,t1612509545192120320,t1612509545192120320_time,t1612503789772148748,t1612503789772148748_time,t1612276811546742784,t1612276811546742784_time,t1612273411082031108,t1612273411082031108_time,t1612269254149312512,t1612269254149312512_time,t1612263492634943491,t1612263492634943491_time
bdortizzz,dallasmavs,2,2580,1,-1,1,-1,1,-1,1,-1,1,-1,1,-1
Jaredadams07,dallasmavs,1,-1,1,-1,1,-1,2,7856,1,-1,1,-1,1,-1
FlukaTime,dallasmavs,1,-1,1,-1,1,-1,2,144,2,358,2,112,1,-1
saynepsycho,dallasmavs,1,-1,1,-1,1,-1,1,-1,1,-1,1,-1,2,76
BobbyRockets29,dallasmavs,2,2764,1,-1,1,-1,1,-1,1,-1,1,-1,1,-1
SuperMario79_,dallasmavs,2,781,1,-1,1,-1,1,-1,1,-1,1,-1,1,-1
newlyalex,dallasmavs,2,130,1,-1,1,-1,1,-1,1,-1,1,-1,1,-1
Therejohn,dallasmavs,2,3345,1,-1,1,-1,1,-1,1,-1,1,-1,1,-1
Joshnida55,dallasmavs,2,711,1,-1,1,-1,1,-1,1,-1,1,-1,1,-1
sk0786111,dallasmavs,1,-1,2,1508,1,-1,1,-1,1,-1,1,-1,1,-1
hncardbreaks,dallasmavs,2,562,1,-1,1,-1,1,-1,1,-1,1,-1,1,-1
SEGADiop14,dallasmavs,1,-1,2,606,1,-1,1,-1,1,-1,1,-1,1,-1
luka_maxi77,dallasmavs,2,1256,2,17115,1,-1,1,-1,1,-1,1,-1,1,-1
jojo_2377,dallasmavs,2,311,1,-1,1,-1,1,-1,1,-1,1,-1,1,-1
mjc1232,dallasmavs,2,286,1,-1,1,-1,1,-1,1,-1,1,-1,1,-1
Renee2theT,dallasmavs,2,3018,1,-1,1,-1,1,-1,1,-1,1,-1,1,-1
quintonotey,dallasmavs,2,776,1,-1,1,-1,1,-1,1,-1,1,-1,1,-1
CupcakeManny,dallasmavs,2,15128,1,-1,1,-1,1,-1,1,-1,1,-1,1,-1
polak_radim96,dallasmavs,1,-1,1,-1,1,-1,2,1533,1,-1,1,-1,1,-1
FaziFazbourne,dallasmavs,2,2077,1,-1,1,-1,1,-1,1,-1,1,-1,1,-1
Ray_martinez55,dallasmavs,2,612,1,-1,1,-1,1,-1,1,-1,1,-1,1,-1
m34780466,dallasmavs,1,-1,1,-1,1,-1,2,1346,1,-1,1,-1,1,-1
keaton32reeves,dallasmavs,2,1183,1,-1,1,-1,1,-1,1,-1,1,-1,1,-1
jillnachtigal,dallasmavs,2,1426,1,-1,1,-1,1,-1,1,-1,1,-1,1,-1
RealColSanders,dallasmavs,2,492,1,-1,1,-1,1,-1,1,-1,1,-1,1,-1
RowInDatBoat,dallasmavs,2,12252,1,-1,1,-1,1,-1,1,-1,1,-1,1,-1
Fvmj109,dallasmavs,1,-1,2,515,1,-1,1,-1,1,-1,1,-1,1,-1
castro0004,dallasmavs,2,7073,1,-1,1,-1,1,-1,1,-1,1,-1,1,-1
carolineg_6,dallasmavs,2,5276,1,-1,1,-1,1,-1,1,-1,1,-1,1,-1
alvarosas32,dallasmavs,1,-1,1,-1,2,1984,1,-1,1,-1,1,-1,1,-1
alejandro_121_,dallasmavs,2,1315,1,-1,1,-1,1,-1,1,-1,1,-1,1,-1
StevenBocanegra,dallasmavs,2,6773,1,-1,1,-1,1,-1,1,-1,1,-1,1,-1
YassINszn,dallasmavs,1,-1,1,-1,1,-1,2,17558,1,-1,1,-1,1,-1
fabiocr17,dallasmavs,1,-1,1,-1,1,-1,2,655,1,-1,1,-1,1,-1
MacrioPaulo1,dallasmavs,1,-1,1,-1,1,-1,2,2702,1,-1,1,-1,1,-1
VernonChittum,dallasmavs,2,618,1,-1,1,-1,1,-1,1,-1,1,-1,1,-1
whatersername,dallasmavs,2,783,1,-1,1,-1,1,-1,1,-1,1,-1,1,-1
rickyMFmejia,dallasmavs,2,5322,1,-1,1,-1,1,-1,1,-1,1,-1,1,-1
DQKloveMavs,dallasmavs,1,-1,1,-1,1,-1,2,80142,1,-1,1,-1,1,-1
dito_emily,dallasmavs,2,665,1,-1,1,-1,1,-1,1,-1,1,-1,1,-1
seagercth,dallasmavs,2,4130,1,-1,1,-1,1,-1,1,-1,1,-1,1,-1
paulwinze,dallasmavs,1,-1,1,-1,1,-1,1,-1,2,288,1,-1,1,-1
TheChrisStuckey,dallasmavs,2,8767,1,-1,1,-1,1,-1,1,-1,1,-1,1,-1
HukaDoncic,dallasmavs,1,-1,1,-1,1,-1,1,-1,1,-1,2,792,1,-1
useurheart,dallasmavs,1,-1,1,-1,1,-1,1,-1,1,-1,2,67743,1,-1
sethdowdle,dallasmavs,2,1384,1,-1,1,-1,1,-1,1,-1,1,-1,1,-1
dweeler,dallasmavs,1,-1,1,-1,2,2939,1,-1,1,-1,1,-1,1,-1
jangelgomez93,dallasmavs,2,456,1,-1,1,-1,1,-1,1,-1,1,-1,1,-1
Antonio25Araujo,dallasmavs,2,7380,1,-1,1,-1,1,-1,1,-1,1,-1,1,-1
kevnpurp,dallasmavs,2,6485,1,-1,1,-1,1,-1,1,-1,1,-1,1,-1
maybe_reformed,dallasmavs,1,-1,1,-1,1,-1,2,67,1,-1,1,-1,1,-1
cristian_lomas5,dallasmavs,2,93,1,-1,1,-1,1,-1,1,-1,1,-1,1,-1
andrea_matta10,dallasmavs,2,94,1,-1,1,-1,1,-1,1,-1,1,-1,1,-1
DallasMaverips,dallasmavs,2,8642,2,24501,1,-1,1,-1,1,-1,1,-1,1,-1
RamirezCoach,dallasmavs,2,422,1,-1,1,-1,1,-1,1,-1,1,-1,1,-1
JORGEREYESS2369,dallasmavs,1,-1,1,-1,2,6215,1,-1,1,-1,1,-1,1,-1
Damontorres51,dallasmavs,2,1274,1,-1,1,-1,1,-1,1,-1,1,-1,1,-1
NicklausLouis,dallasmavs,2,691,1,-1,1,-1,1,-1,1,-1,1,-1,1,-1
CaryMacey,dallasmavs,1,-1,1,-1,1,-1,2,280,1,-1,1,-1,1,-1
aydan_lara,dallasmavs,2,2765,1,-1,1,-1,1,-1,1,-1,1,-1,1,-1
JozeeAndrus,dallasmavs,2,718,1,-1,1,-1,1,-1,1,-1,1,-1,1,-1
Triple_Treyy,dallasmavs,2,1230,1,-1,1,-1,1,-1,1,-1,1,-1,1,-1
lawhub27,dallasmavs,2,316,1,-1,1,-1,1,-1,1,-1,1,-1,1,-1
FargoFoux,dallasmavs,2,5718,1,-1,1,-1,1,-1,1,-1,1,-1,1,-1
CodySmith1997,dallasmavs,2,685,1,-1,1,-1,1,-1,1,-1,1,-1,1,-1
jucity,dallasmavs,2,894,1,-1,1,-1,1,-1,1,-1,1,-1,1,-1
YayoTheCaveman,dallasmavs,2,590,1,-1,1,-1,1,-1,1,-1,1,-1,1,-1
HumanesClaudio,dallasmavs,2,937,1,-1,1,-1,1,-1,1,-1,1,-1,1,-1
teampalles,dallasmavs,1,-1,1,-1,1,-1,1,-1,1,-1,1,-1,2,822
mason_strader15,dallasmavs,2,882,1,-1,1,-1,1,-1,1,-1,1,-1,1,-1
LukaG0D,dallasmavs,1,-1,1,-1,2,7225,1,-1,1,-1,1,-1,1,-1
TCinDallas11,dallasmavs,1,-1,1,-1,1,-1,1,-1,2,170,1,-1,2,128
jsaucyfrog,dallasmavs,2,1982,1,-1,1,-1,1,-1,1,-1,1,-1,1,-1
Cleomnes_III,dallasmavs,2,1382,1,-1,1,-1,1,-1,1,-1,1,-1,1,-1
aipretoqueen,dallasmavs,1,-1,1,-1,1,-1,2,6133,1,-1,1,-1,1,-1
timmoteo_21,dallasmavs,2,3283,1,-1,1,-1,1,-1,1,-1,1,-1,1,-1
MunkFruit,dallasmavs,2,16514,1,-1,1,-1,1,-1,1,-1,1,-1,1,-1
COWB33ZY,dallasmavs,2,593,1,-1,1,-1,1,-1,1,-1,1,-1,1,-1
carterxc3,dallasmavs,2,126,1,-1,1,-1,1,-1,1,-1,1,-1,1,-1
aljoveliki,dallasmavs,1,-1,1,-1,1,-1,2,31208,1,-1,1,-1,1,-1
austinwoods26,dallasmavs,2,7356,1,-1,1,-1,1,-1,1,-1,1,-1,1,-1
danymarica,dallasmavs,2,2150,1,-1,1,-1,1,-1,1,-1,1,-1,1,-1
avoirlachase,dallasmavs,1,-1,1,-1,1,-1,2,26007,1,-1,1,-1,1,-1
Creynolds3232,dallasmavs,2,6689,1,-1,1,-1,1,-1,1,-1,1,-1,1,-1
JustinWhiteTCU,dallasmavs,2,8533,1,-1,1,-1,1,-1,1,-1,1,-1,1,-1
ugkjames,dallasmavs,2,608,1,-1,1,-1,1,-1,1,-1,1,-1,1,-1
whristan,dallasmavs,1,-1,1,-1,1,-1,1,-1,2,703,1,-1,1,-1
zjmville,dallasmavs,2,63881,1,-1,1,-1,1,-1,1,-1,1,-1,1,-1
drewwalker3312,dallasmavs,2,3336,1,-1,1,-1,1,-1,1,-1,1,-1,1,-1
Baseballc36,dallasmavs,2,473,1,-1,1,-1,1,-1,1,-1,1,-1,1,-1
_christianvaz,dallasmavs,2,1081,1,-1,1,-1,1,-1,1,-1,1,-1,1,-1
Dreamzville,dallasmavs,2,250,1,-1,1,-1,1,-1,1,-1,1,-1,1,-1
menyven2ra,dallasmavs,2,1918,1,-1,1,-1,1,-1,1,-1,1,-1,1,-1
SER6IO530,dallasmavs,1,-1,1,-1,2,1425,1,-1,1,-1,1,-1,1,-1
idaliaslove,dallasmavs,1,-1,2,1660,1,-1,1,-1,1,-1,1,-1,1,-1
katcal1229,dallasmavs,2,14821,1,-1,1,-1,1,-1,1,-1,1,-1,1,-1
BwarkBwark,dallasmavs,2,279,1,-1,1,-1,1,-1,1,-1,1,-1,1,-1
Tackey15,dallasmavs,1,-1,1,-1,1,-1,2,2693,1,-1,1,-1,1,-1
ohmorking,dallasmavs,1,-1,1,-1,1,-1,2,5215,1,-1,1,-1,1,-1
yorknut,dallasmavs,2,3931,1,-1,1,-1,1,-1,1,-1,1,-1,1,-1
ayychtx,dallasmavs,2,10783,1,-1,1,-1,1,-1,1,-1,1,-1,1,-1
bigt7117,dallasmavs,2,2597,1,-1,1,-1,1,-1,1,-1,1,-1,1,-1
thebandaman,dallasmavs,2,8698,1,-1,1,-1,1,-1,1,-1,1,-1,1,-1
tylermayerchak,dallasmavs,2,10707,1,-1,1,-1,1,-1,1,-1,1,-1,1,-1
coletonevans_18,dallasmavs,2,2161,1,-1,1,-1,1,-1,1,-1,1,-1,1,-1
samuelwren41,dallasmavs,2,10058,1,-1,1,-1,1,-1,1,-1,1,-1,1,-1
WillyRedDead,dallasmavs,2,775,1,-1,1,-1,1,-1,1,-1,1,-1,1,-1
Matthiesen_FWTX,dallasmavs,1,-1,1,-1,1,-1,2,381,1,-1,1,-1,1,-1
TSCommonMan,dallasmavs,2,125,1,-1,1,-1,1,-1,1,-1,1,-1,1,-1
androdriguez6,dallasmavs,2,8782,1,-1,1,-1,1,-1,1,-1,1,-1,1,-1
LegendofTylerG,dallasmavs,1,-1,1,-1,1,-1,1,-1,2,230,1,-1,1,-1
arsam02,dallasmavs,1,-1,1,-1,1,-1,2,61252,1,-1,1,-1,1,-1
gnormlpz,dallasmavs,2,5476,1,-1,1,-1,1,-1,1,-1,1,-1,1,-1
alex_esparza41,dallasmavs,2,2510,1,-1,1,-1,1,-1,1,-1,1,-1,1,-1
whodatcloud,dallasmavs,2,578,1,-1,1,-1,1,-1,1,-1,1,-1,1,-1
DallasTm_,dallasmavs,2,16171,1,-1,1,-1,1,-1,1,-1,1,-1,1,-1
EMoneyP1,dallasmavs,2,603,1,-1,1,-1,1,-1,1,-1,1,-1,1,-1
Goofy_Kage,dallasmavs,2,3519,1,-1,1,-1,1,-1,1,-1,1,-1,1,-1
JordanStebbins_,dallasmavs,2,4378,1,-1,1,-1,1,-1,1,-1,1,-1,1,-1
g2fxo,dallasmavs,1,-1,1,-1,1,-1,1,-1,1,-1,2,230,1,-1
AlexysWitha_Y,dallasmavs,2,693,1,-1,1,-1,1,-1,1,-1,1,-1,1,-1
lovew,dallasmavs,1,-1,2,1401,1,-1,1,-1,1,-1,1,-1,1,-1
marstinez14,dallasmavs,2,124,1,-1,1,-1,1,-1,1,-1,1,-1,1,-1
_natecortez,dallasmavs,2,4763,1,-1,1,-1,1,-1,1,-1,1,-1,1,-1
ispahanlux,dallasmavs,2,5171,1,-1,1,-1,1,-1,1,-1,1,-1,1,-1
alwayscreate_,dallasmavs,2,3321,1,-1,1,-1,1,-1,1,-1,1,-1,1,-1
um3ks,dallasmavs,1,-1,2,43120,1,-1,1,-1,1,-1,1,-1,1,-1
DiegoPi05034627,dallasmavs,2,3281,1,-1,1,-1,1,-1,1,-1,1,-1,1,-1
Dee5_10,dallasmavs,2,6103,1,-1,1,-1,1,-1,1,-1,1,-1,1,-1
HannahFranklin7,dallasmavs,2,2812,1,-1,1,-1,1,-1,1,-1,1,-1,1,-1
schwartz_anil,dallasmavs,2,6058,1,-1,1,-1,1,-1,1,-1,1,-1,1,-1
BFree47,dallasmavs,2,754,1,-1,1,-1,1,-1,1,-1,1,-1,1,-1
omaraguirre__,dallasmavs,2,8177,1,-1,1,-1,1,-1,1,-1,1,-1,1,-1
Janetta0801,dallasmavs,2,1643,1,-1,1,-1,1,-1,1,-1,1,-1,1,-1
StephenGilmoree,dallasmavs,2,3680,1,-1,1,-1,1,-1,1,-1,1,-1,1,-1
SportsBabe_1,dallasmavs,2,9617,1,-1,1,-1,1,-1,1,-1,1,-1,1,-1
luis_velarde1,dallasmavs,2,596,1,-1,1,-1,1,-1,1,-1,1,-1,1,-1
gonza_fracchia,dallasmavs,2,10420,1,-1,1,-1,1,-1,1,-1,1,-1,1,-1
tay__boggs,dallasmavs,2,1796,1,-1,1,-1,1,-1,1,-1,1,-1,1,-1
ally_barnett_,dallasmavs,2,238,1,-1,1,-1,1,-1,1,-1,1,-1,1,-1
CPTheRock,dallasmavs,1,-1,1,-1,1,-1,2,226,1,-1,1,-1,1,-1
Hntrmcdnl19,dallasmavs,2,435,1,-1,1,-1,1,-1,1,-1,1,-1,1,-1
BenisBarlow,dallasmavs,1,-1,1,-1,1,-1,2,659,1,-1,1,-1,1,-1
cesar_CF13,dallasmavs,1,-1,1,-1,1,-1,2,851,1,-1,1,-1,1,-1
alldaytrucker,dallasmavs,2,1802,1,-1,1,-1,1,-1,1,-1,1,-1,1,-1
_CEWilliams_,dallasmavs,2,141,1,-1,1,-1,1,-1,1,-1,1,-1,1,-1
juandelarosa97,dallasmavs,2,3387,1,-1,1,-1,1,-1,1,-1,1,-1,1,-1
LD77x41,dallasmavs,1,-1,1,-1,2,273,1,-1,1,-1,1,-1,1,-1
BurnerDrew_,dallasmavs,2,5986,1,-1,1,-1,1,-1,1,-1,1,-1,1,-1
moonnpanda,dallasmavs,1,-1,1,-1,1,-1,2,385,1,-1,1,-1,1,-1
treycarpenter00,dallasmavs,2,3236,1,-1,1,-1,1,-1,1,-1,1,-1,1,-1
TBowie5,dallasmavs,2,11787,1,-1,1,-1,1,-1,1,-1,1,-1,1,-1
Garlm333,dallasmavs,1,-1,1,-1,1,-1,1,-1,1,-1,2,1015,1,-1
mitchsmith67,dallasmavs,2,1566,1,-1,1,-1,1,-1,1,-1,1,-1,1,-1
mavsCu,dallasmavs,2,16625,1,-1,1,-1,1,-1,1,-1,1,-1,1,-1
stilldrama,dallasmavs,2,14318,1,-1,1,-1,1,-1,1,-1,1,-1,1,-1
carranza_thomas,dallasmavs,2,1241,1,-1,1,-1,1,-1,1,-1,1,-1,1,-1
pedroncic,dallasmavs,2,67,2,5416,2,406,2,385,1,-1,1,-1,1,-1
beccagenecov,dallasmavs,2,607,1,-1,1,-1,1,-1,1,-1,1,-1,1,-1
codyharvey48,dallasmavs,1,-1,1,-1,1,-1,2,8261,1,-1,1,-1,1,-1
Dazedful,dallasmavs,1,-1,1,-1,1,-1,2,111,1,-1,1,-1,1,-1
Not_Juno7,dallasmavs,2,317,1,-1,1,-1,1,-1,1,-1,1,-1,1,-1
KaityHowell,dallasmavs,2,1036,1,-1,1,-1,1,-1,1,-1,1,-1,1,-1
GregorioJung,dallasmavs,2,350,1,-1,1,-1,1,-1,1,-1,1,-1,1,-1
mdirosa16,dallasmavs,2,178,1,-1,1,-1,1,-1,1,-1,1,-1,1,-1
Sprtstlkkshaeff,dallasmavs,2,5813,1,-1,1,-1,1,-1,1,-1,1,-1,1,-1
Yeetzus_,dallasmavs,2,674,1,-1,1,-1,1,-1,1,-1,1,-1,1,-1
stackxsats,dallasmavs,1,-1,1,-1,1,-1,1,-1,2,77,1,-1,1,-1
CEOofEatzis,dallasmavs,2,7474,1,-1,1,-1,1,-1,1,-1,1,-1,1,-1
drea_xxx,dallasmavs,2,6102,1,-1,1,-1,1,-1,1,-1,1,-1,1,-1
its_daviddd,dallasmavs,2,1895,1,-1,1,-1,1,-1,1,-1,1,-1,1,-1
Dondass69,dallasmavs,2,3331,1,-1,1,-1,1,-1,1,-1,1,-1,1,-1
JChinnock,dallasmavs,2,430,1,-1,1,-1,1,-1,1,-1,1,-1,1,-1
NickJewell7,dallasmavs,2,9790,1,-1,1,-1,1,-1,1,-1,1,-1,1,-1
ScarlettEaton,dallasmavs,2,16443,1,-1,1,-1,1,-1,1,-1,1,-1,1,-1
MylesWi33554013,dallasmavs,1,-1,1,-1,1,-1,2,45071,1,-1,1,-1,1,-1
FunnyFat_Guy,dallasmavs,2,4305,1,-1,1,-1,1,-1,1,-1,1,-1,1,-1
Joe_Atkinson19,dallasmavs,2,3107,1,-1,1,-1,1,-1,1,-1,1,-1,1,-1
somaliman03,dallasmavs,1,-1,1,-1,1,-1,1,-1,1,-1,2,84,1,-1
BlaineSnider,dallasmavs,2,6236,1,-1,1,-1,1,-1,1,-1,1,-1,1,-1
triii9_,dallasmavs,1,-1,1,-1,1,-1,2,16407,1,-1,1,-1,1,-1
SpenceCrawford,dallasmavs,2,1448,1,-1,1,-1,1,-1,1,-1,1,-1,1,-1
bets_pg,dallasmavs,2,2536,1,-1,1,-1,2,1605,1,-1,1,-1,1,-1
apbod,dallasmavs,2,2830,1,-1,1,-1,1,-1,1,-1,1,-1,1,-1
DutchRuddrLover,dallasmavs,2,5449,1,-1,1,-1,1,-1,1,-1,1,-1,1,-1
ThatsNotMyPipe,dallasmavs,2,2784,1,-1,1,-1,1,-1,1,-1,1,-1,1,-1
NickSilly,dallasmavs,2,777,1,-1,1,-1,1,-1,1,-1,1,-1,1,-1
JoeKuzma2,dallasmavs,2,622,1,-1,1,-1,1,-1,1,-1,1,-1,1,-1
Luiibaton,dallasmavs,2,1697,1,-1,1,-1,1,-1,1,-1,1,-1,1,-1
DallasFan_FE,dallasmavs,2,5558,1,-1,1,-1,1,-1,1,-1,1,-1,1,-1
jasonskidd,dallasmavs,2,3549,1,-1,1,-1,1,-1,1,-1,1,-1,1,-1
felipotas27,dallasmavs,2,6432,1,-1,1,-1,1,-1,1,-1,1,-1,1,-1
DylShizzle,dallasmavs,2,3251,1,-1,1,-1,1,-1,1,-1,1,-1,1,-1
the_nba_facts_,dallasmavs,2,3232,1,-1,1,-1,1,-1,1,-1,1,-1,1,-1
wockawocka5,dallasmavs,2,7426,1,-1,1,-1,1,-1,1,-1,1,-1,1,-1
Strunky_monkey,dallasmavs,2,2379,1,-1,1,-1,1,-1,1,-1,1,-1,1,-1
michellemccombs,dallasmavs,2,6515,1,-1,1,-1,1,-1,1,-1,1,-1,1,-1
bocaj_24,dallasmavs,2,1424,1,-1,1,-1,1,-1,1,-1,1,-1,1,-1
TrueFernie,dallasmavs,1,-1,1,-1,1,-1,2,1260,1,-1,1,-1,1,-1
mestredosmavs,dallasmavs,2,495,1,-1,1,-1,1,-1,1,-1,1,-1,1,-1
JeremyAGriffin,dallasmavs,2,1157,1,-1,1,-1,1,-1,1,-1,1,-1,1,-1
yibocolors,dallasmavs,2,241,1,-1,1,-1,1,-1,1,-1,1,-1,1,-1
agalvin36,dallasmavs,2,200,1,-1,1,-1,1,-1,1,-1,1,-1,1,-1
MavsVsCowboys,dallasmavs,1,-1,1,-1,1,-1,1,-1,2,388,1,-1,2,2275
Bov_Bortiz,dallasmavs,2,2062,1,-1,1,-1,1,-1,1,-1,1,-1,1,-1
AsapSamSam,dallasmavs,2,3165,1,-1,1,-1,1,-1,1,-1,1,-1,1,-1
kragsloor,dallasmavs,2,3825,1,-1,1,-1,1,-1,1,-1,1,-1,1,-1
dayone_badday,dallasmavs,2,60381,1,-1,1,-1,1,-1,1,-1,1,-1,1,-1
bruce_worley1,dallasmavs,1,-1,1,-1,1,-1,2,49449,1,-1,1,-1,1,-1
Panchooo999,dallasmavs,2,20573,1,-1,1,-1,1,-1,1,-1,1,-1,1,-1
BenHilly94,dallasmavs,1,-1,1,-1,1,-1,1,-1,1,-1,1,-1,2,284
m4vsl0v3r,dallasmavs,1,-1,1,-1,1,-1,1,-1,1,-1,2,34,1,-1
felipeaguiard,dallasmavs,1,-1,1,-1,1,-1,1,-1,1,-1,1,-1,2,128
MozoMilo,dallasmavs,1,-1,1,-1,1,-1,2,899,1,-1,1,-1,1,-1
eduarrrrrrrdo1,dallasmavs,1,-1,1,-1,1,-1,2,30293,1,-1,1,-1,1,-1
debbieljohnson,dallasmavs,2,8923,1,-1,1,-1,1,-1,1,-1,1,-1,1,-1
genosaid,dallasmavs,1,-1,1,-1,1,-1,2,4817,1,-1,1,-1,1,-1
BJ__Sports,dallasmavs,2,570,1,-1,1,-1,1,-1,1,-1,1,-1,1,-1
SidTheKid2397,dallasmavs,2,2286,1,-1,1,-1,1,-1,1,-1,1,-1,1,-1
arimsimon,dallasmavs,2,578,1,-1,1,-1,1,-1,1,-1,1,-1,1,-1
DeeArrambide,dallasmavs,2,6181,1,-1,1,-1,1,-1,1,-1,1,-1,1,-1
SloHoopsFan,dallasmavs,1,-1,1,-1,1,-1,2,537,2,154,1,-1,1,-1
walker_lott,dallasmavs,2,3213,1,-1,1,-1,1,-1,1,-1,1,-1,1,-1
SadChiefsFan,dallasmavs,2,3079,1,-1,1,-1,1,-1,1,-1,1,-1,1,-1
Chopp_87,dallasmavs,2,72276,1,-1,1,-1,1,-1,1,-1,1,-1,1,-1
RamenNumerals05,dallasmavs,2,8796,1,-1,1,-1,1,-1,1,-1,1,-1,1,-1
ChickBurner21,dallasmavs,2,8282,1,-1,1,-1,1,-1,1,-1,1,-1,1,-1
EricVeeee,dallasmavs,2,65,1,-1,1,-1,1,-1,1,-1,1,-1,1,-1
patomanc8,dallasmavs,1,-1,1,-1,1,-1,2,187,1,-1,1,-1,1,-1
Jmac16336176,dallasmavs,1,-1,1,-1,1,-1,2,4110,1,-1,1,-1,1,-1
missysinghsongs,dallasmavs,2,731,1,-1,2,360,1,-1,1,-1,1,-1,1,-1
TedsTalks,dallasmavs,2,1494,1,-1,1,-1,1,-1,1,-1,1,-1,1,-1
HernnEstrada7,dallasmavs,2,783,1,-1,1,-1,1,-1,1,-1,1,-1,1,-1
Aseteride,dallasmavs,2,1369,1,-1,1,-1,1,-1,1,-1,1,-1,1,-1
Ryan7Firestone,dallasmavs,2,1450,1,-1,1,-1,1,-1,1,-1,1,-1,1,-1
FilipSutic,dallasmavs,2,305,1,-1,1,-1,1,-1,1,-1,1,-1,1,-1
PapiRodriguez17,dallasmavs,2,9713,1,-1,1,-1,1,-1,1,-1,1,-1,1,-1
yung_crippin,dallasmavs,2,2080,1,-1,1,-1,1,-1,1,-1,1,-1,1,-1
HENRYGOD_,dallasmavs,2,607,1,-1,1,-1,1,-1,1,-1,1,-1,1,-1
HisToKeep,dallasmavs,2,760,1,-1,1,-1,1,-1,1,-1,1,-1,1,-1
CampbellCoty5,dallasmavs,2,1351,1,-1,1,-1,1,-1,1,-1,1,-1,1,-1
morris_code1,dallasmavs,2,1635,1,-1,1,-1,1,-1,1,-1,1,-1,1,-1
verogonzalez111,dallasmavs,2,52,1,-1,1,-1,1,-1,1,-1,1,-1,1,-1
drpey77,dallasmavs,2,7372,1,-1,1,-1,1,-1,1,-1,1,-1,1,-1
torrezthegreat,dallasmavs,2,1207,1,-1,1,-1,1,-1,1,-1,1,-1,1,-1
crazy1969,dallasmavs,2,5889,1,-1,1,-1,1,-1,1,-1,1,-1,1,-1
anchornyko,dallasmavs,1,-1,1,-1,1,-1,2,5487,1,-1,1,-1,1,-1
beddleman12,dallasmavs,2,3679,1,-1,1,-1,1,-1,1,-1,1,-1,1,-1
kampagnepapi,dallasmavs,1,-1,1,-1,1,-1,2,68,1,-1,1,-1,1,-1
ergalindo1,dallasmavs,2,1222,1,-1,1,-1,1,-1,1,-1,1,-1,1,-1
NickStoeckel,dallasmavs,1,-1,1,-1,1,-1,2,238,1,-1,1,-1,1,-1
rasalgoon,dallasmavs,2,490,1,-1,1,-1,1,-1,1,-1,1,-1,1,-1
LisaJeter3,dallasmavs,2,823,1,-1,1,-1,1,-1,1,-1,1,-1,1,-1
DrewKlein,dallasmavs,2,235,1,-1,1,-1,1,-1,1,-1,1,-1,1,-1
mlondo856,dallasmavs,2,5371,1,-1,1,-1,1,-1,1,-1,1,-1,1,-1
Vanganel,dallasmavs,2,40009,2,55868,1,-1,1,-1,1,-1,1,-1,1,-1
EichelGDavis,dallasmavs,2,2510,1,-1,1,-1,1,-1,1,-1,1,-1,1,-1
vicscott4,dallasmavs,2,4765,1,-1,1,-1,1,-1,1,-1,1,-1,1,-1
kavsFC,dallasmavs,1,-1,1,-1,1,-1,2,21047,1,-1,1,-1,1,-1
RealZacHenson,dallasmavs,2,1794,1,-1,1,-1,1,-1,1,-1,1,-1,1,-1
PercNowitzki_,dallasmavs,2,67,1,-1,1,-1,1,-1,1,-1,1,-1,1,-1
Burger_MFFL,dallasmavs,1,-1,1,-1,2,739,1,-1,1,-1,1,-1,1,-1
Ej785585578,dallasmavs,2,806,1,-1,1,-1,1,-1,1,-1,1,-1,1,-1
Adriang1393,dallasmavs,2,3147,1,-1,1,-1,1,-1,1,-1,1,-1,1,-1
HBTFD89,dallasmavs,2,75,1,-1,1,-1,1,-1,1,-1,1,-1,1,-1
Gabriel59050207,dallasmavs,2,4956,1,-1,1,-1,1,-1,1,-1,1,-1,1,-1
Humbert33128161,dallasmavs,2,339,1,-1,1,-1,1,-1,1,-1,1,-1,1,-1
Tess_senpai,dallasmavs,1,-1,1,-1,2,139,1,-1,1,-1,1,-1,1,-1
thfc_me,dallasmavs,2,2150,1,-1,1,-1,1,-1,1,-1,1,-1,1,-1
MavfantillIdie,dallasmavs,1,-1,1,-1,2,4415,1,-1,1,-1,1,-1,1,-1
toriprince20,dallasmavs,2,7240,1,-1,1,-1,1,-1,1,-1,1,-1,1,-1
suka4_aug,dallasmavs,2,70388,1,-1,1,-1,1,-1,1,-1,1,-1,1,-1
PelotitaAl77,dallasmavs,1,-1,1,-1,2,1401,1,-1,1,-1,1,-1,1,-1
chiefyarbrough,dallasmavs,2,41,1,-1,1,-1,1,-1,1,-1,1,-1,1,-1
LisaReda4,dallasmavs,2,3716,1,-1,1,-1,1,-1,1,-1,1,-1,1,-1
Mariferx_,dallasmavs,2,6053,1,-1,1,-1,1,-1,1,-1,1,-1,1,-1
gonza_botta,dallasmavs,1,-1,1,-1,1,-1,2,1263,1,-1,1,-1,1,-1
ZekeRamos6,dallasmavs,2,138,1,-1,1,-1,1,-1,1,-1,1,-1,1,-1
not_cisco,dallasmavs,2,8142,1,-1,1,-1,1,-1,1,-1,1,-1,1,-1
Mavsin4Life,dallasmavs,1,-1,1,-1,1,-1,2,17403,1,-1,1,-1,1,-1
GaryWilliams343,dallasmavs,2,7582,1,-1,1,-1,1,-1,1,-1,1,-1,1,-1
GarciaChels,dallasmavs,2,8897,1,-1,1,-1,1,-1,1,-1,1,-1,1,-1
tyler_pfit,dallasmavs,2,463,1,-1,1,-1,1,-1,1,-1,1,-1,1,-1
JackieT8287,dallasmavs,2,1390,1,-1,1,-1,1,-1,1,-1,1,-1,1,-1
laurencurtistv,dallasmavs,2,1864,1,-1,1,-1,1,-1,1,-1,1,-1,1,-1
HGomez_Chile,dallasmavs,1,-1,1,-1,1,-1,1,-1,2,87,1,-1,1,-1
hooplagang92,dallasmavs,2,3341,1,-1,1,-1,1,-1,1,-1,1,-1,1,-1
MartinEden____,dallasmavs,1,-1,1,-1,1,-1,1,-1,1,-1,2,343,1,-1
CrackinhoZenin,dallasmavs,1,-1,1,-1,1,-1,1,-1,2,54,1,-1,1,-1
ItsBrettJames,dallasmavs,2,1606,1,-1,1,-1,1,-1,1,-1,1,-1,1,-1
infinitecarlos,dallasmavs,2,4569,1,-1,1,-1,1,-1,1,-1,1,-1,1,-1
SteampunkMuppet,dallasmavs,2,582,1,-1,1,-1,1,-1,1,-1,1,-1,1,-1
BradenKemmerer,dallasmavs,2,2701,1,-1,1,-1,1,-1,1,-1,1,-1,1,-1
sanjuhsingh,dallasmavs,2,734,1,-1,1,-1,1,-1,1,-1,1,-1,1,-1
SSJAngelus,dallasmavs,1,-1,1,-1,1,-1,2,937,1,-1,1,-1,1,-1
tatearmstrong_,dallasmavs,2,21472,1,-1,1,-1,1,-1,1,-1,1,-1,1,-1
tsteele214,dallasmavs,2,296,1,-1,1,-1,1,-1,1,-1,1,-1,1,-1
txhistoryteach1,dallasmavs,2,66618,1,-1,1,-1,1,-1,1,-1,1,-1,1,-1
isrlbinema,dallasmavs,2,584,1,-1,1,-1,1,-1,1,-1,1,-1,1,-1
graziict,dallasmavs,2,15625,1,-1,1,-1,1,-1,1,-1,1,-1,1,-1
skullhuang,dallasmavs,1,-1,1,-1,1,-1,2,13750,1,-1,1,-1,1,-1
ryan_sebek,dallasmavs,2,167,1,-1,1,-1,1,-1,1,-1,1,-1,1,-1
bellaaramirez_,dallasmavs,2,7866,1,-1,1,-1,1,-1,1,-1,1,-1,1,-1
Hrastnikov,dallasmavs,2,243,1,-1,1,-1,1,-1,1,-1,1,-1,1,-1
GoudaCheese007,dallasmavs,2,238,1,-1,1,-1,1,-1,1,-1,1,-1,1,-1
MLGUnbreakable,dallasmavs,2,1878,1,-1,1,-1,1,-1,1,-1,1,-1,1,-1
FrankBurner2,dallasmavs,1,-1,1,-1,1,-1,2,529,1,-1,1,-1,1,-1
DoeDoeCorner3,dallasmavs,2,612,1,-1,1,-1,1,-1,1,-1,1,-1,1,-1
OlinRolseth,dallasmavs,2,3260,1,-1,1,-1,1,-1,1,-1,1,-1,1,-1
Emmanuel_Diaz2,dallasmavs,2,2058,1,-1,1,-1,1,-1,1,-1,1,-1,1,-1
r7nk_,dallasmavs,1,-1,1,-1,1,-1,2,662,1,-1,1,-1,1,-1
NathanM787,dallasmavs,2,7904,1,-1,1,-1,1,-1,1,-1,1,-1,1,-1
devon715jj,dallasmavs,2,1152,1,-1,1,-1,1,-1,1,-1,1,-1,1,-1
Saucy27_,dallasmavs,2,6884,1,-1,1,-1,1,-1,1,-1,1,-1,1,-1
SoF1Doncic,dallasmavs,1,-1,1,-1,2,398,1,-1,1,-1,1,-1,1,-1
LUKAP1LLED,dallasmavs,2,42,1,-1,1,-1,2,33171,1,-1,1,-1,1,-1
CadeJGarrett,dallasmavs,2,1350,1,-1,1,-1,1,-1,1,-1,1,-1,1,-1
lukadonccc,dallasmavs,2,5067,1,-1,1,-1,1,-1,1,-1,1,-1,1,-1
crashedUAP,dallasmavs,2,3305,1,-1,1,-1,1,-1,1,-1,1,-1,1,-1
ShacoIsMyLife,dallasmavs,2,7166,1,-1,2,891,1,-1,1,-1,1,-1,1,-1
PercNowitzki214,dallasmavs,1,-1,1,-1,2,2046,1,-1,1,-1,1,-1,1,-1
LilDro214,dallasmavs,1,-1,1,-1,1,-1,2,4363,1,-1,1,-1,1,-1
MavericksTexans,dallasmavs,1,-1,1,-1,1,-1,2,5226,1,-1,1,-1,1,-1
gallardo_ej,dallasmavs,2,1566,1,-1,1,-1,1,-1,1,-1,1,-1,1,-1
omgeitsluz_,dallasmavs,2,8655,1,-1,1,-1,1,-1,1,-1,1,-1,1,-1
jsabine214,dallasmavs,2,2193,1,-1,1,-1,1,-1,1,-1,1,-1,1,-1
CanaleBoy,dallasmavs,2,303,1,-1,1,-1,1,-1,1,-1,1,-1,1,-1
swoosh2ez,dallasmavs,2,5229,1,-1,1,-1,1,-1,1,-1,1,-1,1,-1
fattyfishsticks,dallasmavs,2,363,1,-1,1,-1,1,-1,1,-1,1,-1,1,-1
Akaseipm,dallasmavs,2,425,1,-1,1,-1,1,-1,1,-1,1,-1,1,-1
Alejandro_t9,dallasmavs,1,-1,1,-1,1,-1,2,19,1,-1,1,-1,1,-1
DirkNDez,dallasmavs,2,2304,1,-1,1,-1,1,-1,1,-1,1,-1,1,-1
kanye_boi,dallasmavs,2,23245,1,-1,1,-1,1,-1,1,-1,1,-1,1,-1
victormartinsc,dallasmavs,1,-1,1,-1,1,-1,2,9379,1,-1,1,-1,1,-1
pitro_pierot,dallasmavs,2,80424,1,-1,1,-1,1,-1,1,-1,1,-1,1,-1
npz00,dallasmavs,1,-1,1,-1,1,-1,2,428,1,-1,1,-1,1,-1
clst_b,dallasmavs,2,5525,1,-1,1,-1,1,-1,1,-1,1,-1,1,-1
SportsFamsRock,dallasmavs,1,-1,1,-1,1,-1,1,-1,2,833,1,-1,1,-1
Portista_23,dallasmavs,2,672,1,-1,1,-1,1,-1,1,-1,1,-1,1,-1
micah6p,dallasmavs,2,2559,1,-1,1,-1,1,-1,1,-1,1,-1,1,-1
41to77,dallasmavs,1,-1,1,-1,1,-1,2,3181,1,-1,1,-1,1,-1
Little_1bird,dallasmavs,2,83,1,-1,1,-1,1,-1,1,-1,1,-1,1,-1
carrionadrian7,dallasmavs,2,308,1,-1,1,-1,1,-1,1,-1,1,-1,1,-1
shogg_04,dallasmavs,2,5445,1,-1,1,-1,1,-1,1,-1,1,-1,1,-1
EvanLeckie,dallasmavs,2,1171,1,-1,1,-1,1,-1,1,-1,1,-1,1,-1
juliecowens,dallasmavs,2,40608,1,-1,1,-1,1,-1,1,-1,1,-1,1,-1
Rojas_Trew4,dallasmavs,2,3478,1,-1,1,-1,1,-1,1,-1,1,-1,1,-1
mavs114,dallasmavs,2,1154,1,-1,1,-1,1,-1,1,-1,1,-1,1,-1
Hicks45J,dallasmavs,2,3786,1,-1,1,-1,1,-1,1,-1,1,-1,1,-1
LeeJ09,dallasmavs,1,-1,2,1905,1,-1,2,67,1,-1,1,-1,1,-1
JaseTheAce7,dallasmavs,2,6326,1,-1,1,-1,1,-1,1,-1,1,-1,1,-1
reginafalangie0,dallasmavs,2,770,1,-1,1,-1,1,-1,1,-1,1,-1,1,-1
jake_fitch12,dallasmavs,2,11062,1,-1,1,-1,1,-1,1,-1,1,-1,1,-1
grant_harder5,dallasmavs,2,851,1,-1,1,-1,1,-1,1,-1,1,-1,1,-1
imnowsad,dallasmavs,1,-1,1,-1,1,-1,1,-1,1,-1,2,193,1,-1
joseperez_72,dallasmavs,2,5142,1,-1,1,-1,1,-1,1,-1,1,-1,1,-1
Bacon_Band_Aid,dallasmavs,2,25,1,-1,1,-1,1,-1,1,-1,1,-1,1,-1
burks_boi,dallasmavs,2,750,1,-1,1,-1,1,-1,1,-1,1,-1,1,-1
ColinPrice430,dallasmavs,2,2977,1,-1,1,-1,1,-1,1,-1,1,-1,1,-1
EVAPlLLED,dallasmavs,1,-1,2,2918,1,-1,1,-1,1,-1,1,-1,1,-1
DrinRamirez27,dallasmavs,2,12430,1,-1,1,-1,1,-1,1,-1,1,-1,1,-1
beachfrontbitch,dallasmavs,1,-1,2,615,1,-1,1,-1,1,-1,1,-1,1,-1
MannyDFWSports,dallasmavs,2,9864,2,25723,1,-1,1,-1,1,-1,1,-1,1,-1
jac_noah,dallasmavs,2,16753,1,-1,1,-1,1,-1,1,-1,1,-1,1,-1
AceeKing_69,dallasmavs,2,1325,1,-1,1,-1,1,-1,1,-1,1,-1,1,-1
waliolympia03,dallasmavs,2,2493,1,-1,1,-1,1,-1,1,-1,1,-1,1,-1
teresachen02,dallasmavs,2,3409,1,-1,1,-1,1,-1,1,-1,1,-1,1,-1
eloanpicard,dallasmavs,2,5111,1,-1,1,-1,1,-1,1,-1,1,-1,1,-1
A_Russell81g,dallasmavs,2,5433,1,-1,1,-1,1,-1,1,-1,1,-1,1,-1
RobbieNiles,dallasmavs,2,69,1,-1,1,-1,1,-1,1,-1,1,-1,1,-1
Liverpotlian,dallasmavs,2,10324,1,-1,1,-1,1,-1,1,-1,1,-1,1,-1
danielpk00,dallasmavs,1,-1,1,-1,1,-1,2,70,1,-1,1,-1,1,-1
Vinn_Dawgg,dallasmavs,2,563,1,-1,1,-1,1,-1,1,-1,1,-1,1,-1
mcu_onepiece,dallasmavs,2,55620,1,-1,1,-1,1,-1,1,-1,1,-1,1,-1
graham_austin38,dallasmavs,1,-1,2,59,1,-1,1,-1,1,-1,1,-1,1,-1
PayneWellman04,dallasmavs,2,1210,1,-1,1,-1,1,-1,1,-1,1,-1,1,-1
maddbender,dallasmavs,2,7191,1,-1,1,-1,1,-1,1,-1,1,-1,1,-1
FrankieJay__,dallasmavs,2,5065,1,-1,1,-1,1,-1,1,-1,1,-1,1,-1
TylerSmithIsGod,dallasmavs,1,-1,1,-1,2,859,1,-1,1,-1,1,-1,1,-1
StoicaPetrica4,dallasmavs,1,-1,1,-1,1,-1,2,12707,1,-1,1,-1,1,-1
kfloressss,dallasmavs,2,152,1,-1,1,-1,1,-1,1,-1,1,-1,1,-1
jazzlynn626,dallasmavs,2,456,1,-1,1,-1,1,-1,1,-1,1,-1,1,-1
cjhall2101997,dallasmavs,2,123,1,-1,1,-1,1,-1,1,-1,1,-1,1,-1
hharrington10,dallasmavs,2,5804,1,-1,1,-1,1,-1,1,-1,1,-1,1,-1
ChildishIvan,dallasmavs,2,9161,1,-1,1,-1,1,-1,1,-1,1,-1,1,-1
yostephrivas,dallasmavs,2,206,1,-1,1,-1,1,-1,1,-1,1,-1,1,-1
yujx_kk,dallasmavs,2,636,1,-1,1,-1,1,-1,1,-1,1,-1,1,-1
katieherr7,dallasmavs,2,5929,1,-1,1,-1,1,-1,1,-1,1,-1,1,-1
PeezySkates,dallasmavs,2,2469,1,-1,1,-1,1,-1,1,-1,1,-1,1,-1
Just_Greenway,dallasmavs,2,9740,1,-1,1,-1,1,-1,1,-1,1,-1,1,-1
Chicagorobyn65,dallasmavs,2,171,1,-1,1,-1,1,-1,1,-1,1,-1,1,-1
Luker0517,dallasmavs,2,2450,1,-1,1,-1,1,-1,1,-1,1,-1,1,-1
JacobDHouse,coletonevans_18,2,6402,1,-1,1,-1,1,-1,1,-1,1,-1,1,-1
LavarisDuncan24,shogg_04,2,1853,1,-1,1,-1,1,-1,1,-1,1,-1,1,-1
2LiveCraig,LisaReda4,2,397,1,-1,1,-1,1,-1,1,-1,1,-1,1,-1
lysquez,micah6p,2,2254,1,-1,1,-1,1,-1,1,-1,1,-1,1,-1
MattCoffelt,MLGUnbreakable,2,1639,1,-1,1,-1,1,-1,1,-1,1,-1,1,-1
saramstanley_,_CEWilliams_,2,477,1,-1,1,-1,1,-1,1,-1,1,-1,1,-1
breezybrent2,Mariferx_,2,9172,1,-1,1,-1,1,-1,1,-1,1,-1,1,-1
Zinchenkoburner,CEOofEatzis,2,7894,1,-1,1,-1,1,-1,1,-1,1,-1,1,-1
2KWHITE5,stilldrama,2,2994,1,-1,1,-1,1,-1,1,-1,1,-1,1,-1
xcdres2,jazzlynn626,2,455,1,-1,1,-1,1,-1,1,-1,1,-1,1,-1
Austin_Wride,austinwoods26,2,1486,1,-1,1,-1,1,-1,1,-1,1,-1,1,-1
marisolgon13,juandelarosa97,2,3964,1,-1,1,-1,1,-1,1,-1,1,-1,1,-1
BlackZed2013,SSJAngelus,1,-1,1,-1,1,-1,2,21946,1,-1,1,-1,1,-1
marcosw1010,mestredosmavs,2,84055,1,-1,1,-1,1,-1,1,-1,1,-1,1,-1
RealLos23,andrea_matta10,2,6650,1,-1,1,-1,1,-1,1,-1,1,-1,1,-1
jnusser12,EichelGDavis,2,2066,1,-1,1,-1,1,-1,1,-1,1,-1,1,-1
Michael88817575,GoudaCheese007,2,1433,1,-1,1,-1,1,-1,1,-1,1,-1,1,-1
cathylcox,sanjuhsingh,2,1235,1,-1,1,-1,1,-1,1,-1,1,-1,1,-1
ZainaAtyani,yostephrivas,2,3195,1,-1,1,-1,1,-1,1,-1,1,-1,1,-1
AmonGCarterTCU,CodySmith1997,2,738,1,-1,1,-1,1,-1,1,-1,1,-1,1,-1
mattbourgeois,EichelGDavis,2,11801,1,-1,1,-1,1,-1,1,-1,1,-1,1,-1
Dricky12342,EichelGDavis,2,1876,1,-1,1,-1,1,-1,1,-1,1,-1,1,-1
whodatmat,whodatcloud,2,1246,1,-1,1,-1,1,-1,1,-1,1,-1,1,-1
jackwallacetv,FargoFoux,2,5540,1,-1,1,-1,1,-1,1,-1,1,-1,1,-1
DaChrisTomy02,micah6p,2,2985,1,-1,1,-1,1,-1,1,-1,1,-1,1,-1
JoshGiddeyStan,SSJAngelus,1,-1,1,-1,1,-1,2,681,1,-1,1,-1,1,-1
JoZayG,kampagnepapi,2,2180,1,-1,1,-1,1,-1,1,-1,1,-1,1,-1
TomiYoHomie,shogg_04,2,17736,1,-1,1,-1,1,-1,1,-1,1,-1,1,-1
Qraddy5,ScarlettEaton,2,2912,1,-1,1,-1,1,-1,1,-1,1,-1,1,-1
savannahg_03,SuperMario79_,2,6208,1,-1,1,-1,1,-1,1,-1,1,-1,1,-1
i_am_little_sam,bigt7117,2,5910,1,-1,1,-1,1,-1,1,-1,1,-1,1,-1
_alexissg,EichelGDavis,2,10120,1,-1,1,-1,1,-1,1,-1,1,-1,1,-1
ola_akomolafe,shogg_04,2,12826,1,-1,1,-1,1,-1,1,-1,1,-1,1,-1
g0neLifting,Chicagorobyn65,2,289,1,-1,1,-1,1,-1,1,-1,1,-1,1,-1
johnnicksdtx,jsaucyfrog,2,1513,1,-1,1,-1,1,-1,1,-1,1,-1,1,-1
PantheraCamilla,micah6p,2,2920,1,-1,1,-1,1,-1,1,-1,1,-1,1,-1
birdiebirdieee,Emmanuel_Diaz2,1,-1,1,-1,2,2840,1,-1,1,-1,1,-1,1,-1
shelby_connelly,EichelGDavis,2,1828,1,-1,1,-1,1,-1,1,-1,1,-1,1,-1
tcumike16,jsaucyfrog,2,2090,1,-1,1,-1,1,-1,1,-1,1,-1,1,-1
GrangerTalley,EichelGDavis,2,1507,1,-1,1,-1,1,-1,1,-1,1,-1,1,-1
JSniff_TCU,EichelGDavis,2,614,1,-1,1,-1,1,-1,1,-1,1,-1,1,-1
mattlantz,jsaucyfrog,2,958,1,-1,1,-1,1,-1,1,-1,1,-1,1,-1
its_cvrloz,yostephrivas,2,2542,1,-1,1,-1,1,-1,1,-1,1,-1,1,-1
RaeganPebleyTCU,shogg_04,2,1395,1,-1,1,-1,1,-1,1,-1,1,-1,1,-1
GMFP__,EichelGDavis,2,3326,1,-1,1,-1,1,-1,1,-1,1,-1,1,-1
TCUCarterBoys,ZainaAtyani,2,790,1,-1,1,-1,1,-1,1,-1,1,-1,1,-1
eric_shelton3,JacobDHouse,2,14575,1,-1,1,-1,1,-1,1,-1,1,-1,1,-1
melrymom,AmonGCarterTCU,2,8051,1,-1,1,-1,1,-1,1,-1,1,-1,1,-1
AreAyEye,2KWHITE5,2,1488,1,-1,1,-1,1,-1,1,-1,1,-1,1,-1
heykatiet,AmonGCarterTCU,2,5297,1,-1,1,-1,1,-1,1,-1,1,-1,1,-1
SuperHighFrog,GMFP__,2,1460,1,-1,1,-1,1,-1,1,-1,1,-1,1,-1
kateann_11,RaeganPebleyTCU,2,939,1,-1,1,-1,1,-1,1,-1,1,-1,1,-1
RyanforSeven,whodatmat,2,1397,1,-1,1,-1,1,-1,1,-1,1,-1,1,-1
deannak9,2KWHITE5,2,19341,1,-1,1,-1,1,-1,1,-1,1,-1,1,-1
KWright_Frog,AmonGCarterTCU,2,1406,1,-1,1,-1,1,-1,1,-1,1,-1,1,-1
hunterharjo7,BlackZed2013,1,-1,1,-1,1,-1,2,70,1,-1,1,-1,1,-1
rigoalvarez_,lysquez,2,13005,1,-1,1,-1,1,-1,1,-1,1,-1,1,-1
Daniel_Luna,ZainaAtyani,2,11323,1,-1,1,-1,1,-1,1,-1,1,-1,1,-1
bryanandrade222,RaeganPebleyTCU,2,4624,1,-1,1,-1,1,-1,1,-1,1,-1,1,-1
DanielTobias27,RaeganPebleyTCU,2,1438,1,-1,1,-1,1,-1,1,-1,1,-1,1,-1
ConnerMcBride98,RaeganPebleyTCU,2,3770,1,-1,1,-1,1,-1,1,-1,1,-1,1,-1
nicolegorretta,ola_akomolafe,2,2749,1,-1,1,-1,1,-1,1,-1,1,-1,1,-1
THELudacliff,TCUCarterBoys,2,1564,1,-1,1,-1,1,-1,1,-1,1,-1,1,-1
okcthunderfan69,hunterharjo7,1,-1,1,-1,1,-1,2,1597,1,-1,1,-1,1,-1
tylercornwell7,hunterharjo7,1,-1,1,-1,1,-1,2,1673,1,-1,1,-1,1,-1
reed2818,TCUCarterBoys,2,68729,1,-1,1,-1,1,-1,1,-1,1,-1,1,-1
EmilioHermoso,dallasmavs,4,573,3,-1,3,-1,3,-1,3,-1,3,-1,3,-1
josefgdi,dallasmavs,4,5077,3,-1,3,-1,3,-1,3,-1,3,-1,3,-1
andreazertuche6,dallasmavs,4,3954,3,-1,3,-1,3,-1,3,-1,3,-1,3,-1
shmemily524,dallasmavs,4,4401,3,-1,3,-1,3,-1,3,-1,3,-1,3,-1
diegopadilla9,dallasmavs,4,10405,3,-1,3,-1,3,-1,3,-1,3,-1,3,-1
LindsayPyle,dallasmavs,4,6739,3,-1,3,-1,3,-1,3,-1,3,-1,3,-1
_jax___,dallasmavs,4,2037,3,-1,3,-1,3,-1,3,-1,3,-1,3,-1
2YearLetterman_,dallasmavs,4,635,3,-1,3,-1,3,-1,3,-1,3,-1,3,-1
LucaDAmbrosi9,dallasmavs,4,1539,3,-1,3,-1,3,-1,3,-1,3,-1,3,-1
the_cole_m,dallasmavs,4,11819,3,-1,3,-1,3,-1,3,-1,3,-1,3,-1
BashMtv,dallasmavs,4,694,3,-1,3,-1,3,-1,3,-1,3,-1,3,-1
TheRealTFDuckie,dallasmavs,4,20425,3,-1,3,-1,3,-1,3,-1,3,-1,3,-1
shanalackey,dallasmavs,4,4159,3,-1,3,-1,3,-1,3,-1,3,-1,3,-1
andrew_watts9,dallasmavs,4,3242,3,-1,3,-1,3,-1,3,-1,3,-1,3,-1
VRC61,dallasmavs,4,1285,3,-1,3,-1,3,-1,3,-1,3,-1,3,-1
msmickey3,dallasmavs,4,10503,3,-1,3,-1,3,-1,3,-1,3,-1,3,-1
gabesantos26,dallasmavs,4,638,3,-1,3,-1,3,-1,3,-1,3,-1,3,-1
buIIsbenchmob,dallasmavs,4,2829,3,-1,3,-1,3,-1,3,-1,3,-1,3,-1
fuzzywuzy01,dallasmavs,4,3990,3,-1,3,-1,3,-1,3,-1,3,-1,3,-1
ninthbread,dallasmavs,4,2159,3,-1,3,-1,3,-1,3,-1,3,-1,3,-1
TCUtang,dallasmavs,4,206,3,-1,3,-1,3,-1,3,-1,3,-1,3,-1
44Problemzzzz,dallasmavs,4,1829,3,-1,3,-1,3,-1,3,-1,3,-1,3,-1
JeSuisUnDumbass,dallasmavs,4,7903,3,-1,3,-1,3,-1,3,-1,3,-1,3,-1
stormynormyPR,dallasmavs,4,14788,3,-1,3,-1,3,-1,3,-1,3,-1,3,-1
therealaaronk,dallasmavs,4,8105,3,-1,3,-1,3,-1,3,-1,3,-1,3,-1
smithereens_1,dallasmavs,4,596,3,-1,3,-1,3,-1,3,-1,3,-1,3,-1
GrantRestel,dallasmavs,4,1418,3,-1,3,-1,3,-1,3,-1,3,-1,3,-1
anthony_wynyard,dallasmavs,4,726,3,-1,3,-1,3,-1,3,-1,3,-1,3,-1
Joseph_TCU,dallasmavs,4,738,3,-1,3,-1,3,-1,3,-1,3,-1,3,-1
whoislilyodie,dallasmavs,4,629,3,-1,3,-1,3,-1,3,-1,3,-1,3,-1
VisitFortWorth,dallasmavs,4,4783,3,-1,3,-1,3,-1,3,-1,3,-1,3,-1
Bloodypress,dallasmavs,4,3242,3,-1,3,-1,3,-1,3,-1,3,-1,3,-1
save_jenny,dallasmavs,4,7334,3,-1,3,-1,3,-1,3,-1,3,-1,3,-1
thestoryBrooke,dallasmavs,4,8273,3,-1,3,-1,3,-1,3,-1,3,-1,3,-1
barhoomy813,dallasmavs,4,4623,3,-1,3,-1,3,-1,3,-1,3,-1,3,-1
KevieTrill,dallasmavs,4,1941,3,-1,3,-1,3,-1,3,-1,3,-1,3,-1
adc817,dallasmavs,4,1686,3,-1,3,-1,3,-1,3,-1,3,-1,3,-1
MiHolmes95,dallasmavs,4,7646,3,-1,3,-1,3,-1,3,-1,3,-1,3,-1
TBisel,dallasmavs,4,878,3,-1,3,-1,3,-1,3,-1,3,-1,3,-1
cwsavage12,dallasmavs,4,9869,3,-1,3,-1,3,-1,3,-1,3,-1,3,-1
ArianaHensley,dallasmavs,4,2147,3,-1,3,-1,3,-1,3,-1,3,-1,3,-1
CeeMacTTV,dallasmavs,4,898,3,-1,3,-1,3,-1,3,-1,3,-1,3,-1
haileyjanysek,dallasmavs,4,6830,3,-1,3,-1,3,-1,3,-1,3,-1,3,-1
f70g5yy,dallasmavs,4,3057,3,-1,3,-1,3,-1,3,-1,3,-1,3,-1
TRnerd34,dallasmavs,4,1605,3,-1,3,-1,3,-1,3,-1,3,-1,3,-1
Cboyer42,dallasmavs,4,3800,3,-1,3,-1,3,-1,3,-1,3,-1,3,-1
Jermfree23,dallasmavs,4,1338,3,-1,3,-1,3,-1,3,-1,3,-1,3,-1
freesooh,dallasmavs,3,-1,3,-1,3,-1,4,542,3,-1,3,-1,3,-1
MGJAP1,dallasmavs,4,2564,3,-1,3,-1,3,-1,3,-1,3,-1,3,-1
jayvilll,dallasmavs,4,575,3,-1,3,-1,3,-1,3,-1,3,-1,3,-1
victoriaa_renae,dallasmavs,4,502,3,-1,3,-1,3,-1,3,-1,3,-1,3,-1
ZachLe_12,dallasmavs,4,2253,3,-1,3,-1,3,-1,3,-1,3,-1,3,-1
_ItsKiaBITCH,dallasmavs,4,8388,3,-1,3,-1,3,-1,3,-1,3,-1,3,-1
CTollerfield,dallasmavs,4,4399,3,-1,3,-1,3,-1,3,-1,3,-1,3,-1
yaBoiRedactedd,dallasmavs,4,6925,3,-1,3,-1,3,-1,3,-1,3,-1,3,-1
jacks0n_8,dallasmavs,4,2190,3,-1,3,-1,3,-1,3,-1,3,-1,3,-1
BrockMankin12,dallasmavs,4,2736,3,-1,3,-1,3,-1,3,-1,3,-1,3,-1
cody_hall5,dallasmavs,4,9168,3,-1,3,-1,3,-1,3,-1,3,-1,3,-1
SGBohn,dallasmavs,4,72361,3,-1,3,-1,3,-1,3,-1,3,-1,3,-1
hypnotoad1TCU,dallasmavs,4,1291,3,-1,3,-1,3,-1,3,-1,3,-1,3,-1
JohnPWright7,dallasmavs,4,2486,3,-1,3,-1,3,-1,3,-1,3,-1,3,-1
RGallagher,dallasmavs,4,1870,3,-1,3,-1,3,-1,3,-1,3,-1,3,-1
joelmgarver,dallasmavs,4,1513,3,-1,3,-1,3,-1,3,-1,3,-1,3,-1
trajan2k,dallasmavs,4,606,3,-1,3,-1,3,-1,3,-1,3,-1,3,-1
LitoOVO,dallasmavs,4,5113,3,-1,3,-1,3,-1,3,-1,3,-1,3,-1
JonahBruyns,dallasmavs,4,1993,3,-1,3,-1,3,-1,3,-1,3,-1,3,-1
scottyscallin,dallasmavs,4,1923,3,-1,3,-1,3,-1,3,-1,3,-1,3,-1
CUHHKASHI,dallasmavs,4,14046,3,-1,3,-1,3,-1,3,-1,3,-1,3,-1
MajinBobbyHill,dallasmavs,4,54637,3,-1,3,-1,3,-1,3,-1,3,-1,3,-1
Joethesecond665,dallasmavs,4,24565,3,-1,3,-1,3,-1,3,-1,3,-1,3,-1
_Niniola_,dallasmavs,4,2413,3,-1,3,-1,3,-1,3,-1,3,-1,3,-1
Trizzygambino,dallasmavs,4,1779,3,-1,3,-1,3,-1,3,-1,3,-1,3,-1
filthEbacon999,dallasmavs,4,14148,3,-1,3,-1,3,-1,3,-1,3,-1,3,-1
b1ak3_cruz,dallasmavs,4,2565,3,-1,3,-1,3,-1,3,-1,3,-1,3,-1
lesloot_,dallasmavs,4,1432,3,-1,3,-1,3,-1,3,-1,3,-1,3,-1
peartplus,dallasmavs,4,413,3,-1,3,-1,3,-1,3,-1,3,-1,3,-1
matt_the_horse,dallasmavs,4,17358,3,-1,3,-1,3,-1,3,-1,3,-1,3,-1
andresheredias5,dallasmavs,4,10399,3,-1,3,-1,3,-1,3,-1,3,-1,3,-1
justinreech,dallasmavs,4,247,3,-1,3,-1,3,-1,3,-1,3,-1,3,-1
LindaLe99348835,dallasmavs,3,-1,4,22964,3,-1,3,-1,3,-1,3,-1,3,-1
Bobbleb12,dallasmavs,4,354,3,-1,3,-1,3,-1,3,-1,3,-1,3,-1
rockspores,dallasmavs,4,9855,3,-1,3,-1,3,-1,3,-1,3,-1,3,-1
rowdyrick3,dallasmavs,4,599,3,-1,3,-1,3,-1,3,-1,3,-1,3,-1
rln4389,dallasmavs,4,849,3,-1,3,-1,3,-1,3,-1,3,-1,3,-1
IronGill20,dallasmavs,4,1993,3,-1,3,-1,3,-1,3,-1,3,-1,3,-1
DarenConnel,dallasmavs,4,6579,3,-1,3,-1,3,-1,3,-1,3,-1,3,-1
AretzZachary,dallasmavs,4,5583,3,-1,3,-1,3,-1,3,-1,3,-1,3,-1
93rsolis,dallasmavs,4,3858,3,-1,3,-1,3,-1,3,-1,3,-1,3,-1
ola_says,dallasmavs,4,4353,3,-1,3,-1,3,-1,3,-1,3,-1,3,-1
huhwhatyo,dallasmavs,3,-1,3,-1,3,-1,3,-1,3,-1,4,416,3,-1
seanell08446183,dallasmavs,3,-1,3,-1,3,-1,3,-1,3,-1,3,-1,4,258
carlos202284,dallasmavs,3,-1,3,-1,3,-1,3,-1,3,-1,3,-1,4,26754
dawsonhaynes57,dallasmavs,4,3894,3,-1,3,-1,3,-1,3,-1,3,-1,3,-1
alilsliceofEvan,dallasmavs,4,2923,3,-1,3,-1,3,-1,3,-1,3,-1,3,-1
xxoovo817,dallasmavs,4,6949,3,-1,3,-1,3,-1,3,-1,3,-1,3,-1
connor_driscoll,dallasmavs,4,1503,3,-1,3,-1,3,-1,3,-1,3,-1,3,-1
TheDonPicks_,dallasmavs,4,2548,3,-1,3,-1,3,-1,3,-1,3,-1,3,-1
KiiNGofNothiing,dallasmavs,4,1098,3,-1,3,-1,3,-1,3,-1,3,-1,3,-1
AttackSheet,dallasmavs,4,15961,3,-1,3,-1,3,-1,3,-1,3,-1,3,-1
Llmpbrlsket,dallasmavs,4,6260,3,-1,3,-1,3,-1,3,-1,3,-1,3,-1
ogorlyog,dallasmavs,4,17426,3,-1,3,-1,3,-1,3,-1,3,-1,3,-1
GamingWalmart29,dallasmavs,4,1719,3,-1,3,-1,3,-1,3,-1,3,-1,3,-1
KalebBaker90,dallasmavs,4,702,3,-1,3,-1,3,-1,3,-1,3,-1,3,-1
starsfanamy77,dallasmavs,4,2561,3,-1,3,-1,3,-1,3,-1,3,-1,3,-1
12and28,dallasmavs,4,549,3,-1,3,-1,3,-1,3,-1,3,-1,3,-1
Grayson_PB3,dallasmavs,4,10394,3,-1,3,-1,3,-1,3,-1,3,-1,3,-1
FFarabello,dallasmavs,4,971,3,-1,3,-1,3,-1,3,-1,3,-1,3,-1
The_Palmeranian,dallasmavs,4,3060,3,-1,3,-1,3,-1,3,-1,3,-1,3,-1
xxJGill,dallasmavs,4,1629,3,-1,3,-1,3,-1,3,-1,3,-1,3,-1
OFFICIALJGZ,dallasmavs,4,5572,3,-1,3,-1,3,-1,3,-1,3,-1,3,-1
RyanCanNotRead,dallasmavs,4,712,3,-1,3,-1,3,-1,3,-1,3,-1,3,-1
BWWings,dallasmavs,4,1554,3,-1,3,-1,3,-1,3,-1,3,-1,3,-1
AubMops,dallasmavs,4,454,3,-1,3,-1,3,-1,3,-1,3,-1,3,-1
HarwoodKelcee,dallasmavs,4,2281,3,-1,3,-1,3,-1,3,-1,3,-1,3,-1
air_smith,dallasmavs,4,3618,3,-1,3,-1,3,-1,3,-1,3,-1,3,-1
alli_demoss,dallasmavs,4,3534,3,-1,3,-1,3,-1,3,-1,3,-1,3,-1
curlyflute97,dallasmavs,4,7371,3,-1,3,-1,3,-1,3,-1,3,-1,3,-1
KyleLuongo,dallasmavs,4,861,3,-1,3,-1,3,-1,3,-1,3,-1,3,-1
SandovalSandu,dallasmavs,3,-1,3,-1,3,-1,3,-1,4,73,3,-1,3,-1
DKTrey32,dallasmavs,4,617,3,-1,3,-1,3,-1,3,-1,3,-1,3,-1
MeSoHornsby,dallasmavs,4,402,3,-1,3,-1,3,-1,3,-1,3,-1,3,-1
Jaydenpicksss,dallasmavs,4,5906,3,-1,3,-1,3,-1,3,-1,3,-1,3,-1
bigbear_nick,dallasmavs,4,60331,3,-1,3,-1,3,-1,3,-1,3,-1,3,-1
BrentfordLiveUK,dallasmavs,4,7835,3,-1,3,-1,3,-1,3,-1,3,-1,3,-1
allieueckert,dallasmavs,4,1629,3,-1,3,-1,3,-1,3,-1,3,-1,3,-1
27Nateno,dallasmavs,4,93,3,-1,3,-1,3,-1,3,-1,3,-1,3,-1
shitegoblin,dallasmavs,3,-1,3,-1,3,-1,4,2916,3,-1,3,-1,3,-1
T__Brown52,dallasmavs,4,1882,3,-1,3,-1,3,-1,3,-1,3,-1,3,-1
iamkingtobster,dallasmavs,4,6343,3,-1,3,-1,3,-1,3,-1,3,-1,3,-1
madlaine_,dallasmavs,4,2985,3,-1,3,-1,3,-1,3,-1,3,-1,3,-1
JackYou53538107,dallasmavs,4,5384,3,-1,3,-1,3,-1,3,-1,3,-1,3,-1
PePaZootface,dallasmavs,4,1987,3,-1,3,-1,3,-1,3,-1,3,-1,3,-1
NGLP124,dallasmavs,4,1701,3,-1,3,-1,3,-1,3,-1,3,-1,3,-1
brandonbelue,dallasmavs,4,10489,3,-1,3,-1,3,-1,3,-1,3,-1,3,-1
tarantuladad,dallasmavs,4,3081,3,-1,3,-1,3,-1,3,-1,3,-1,3,-1
MaddyMcGrew,dallasmavs,4,4378,3,-1,3,-1,3,-1,3,-1,3,-1,3,-1
HOUSEofDUGGAN,dallasmavs,4,5272,3,-1,3,-1,3,-1,3,-1,3,-1,3,-1
EnotsSportsArt,dallasmavs,3,-1,3,-1,3,-1,3,-1,4,429,3,-1,3,-1
BSaundersSport,dallasmavs,4,8069,3,-1,3,-1,3,-1,3,-1,3,-1,3,-1
DrunkenNo_Odle,dallasmavs,4,8980,3,-1,3,-1,3,-1,3,-1,3,-1,3,-1
AKAtobersOwn,dallasmavs,4,2887,3,-1,3,-1,3,-1,3,-1,3,-1,3,-1
Darlinj58433305,dallasmavs,3,-1,3,-1,3,-1,4,114,3,-1,3,-1,3,-1
MtDoji,dallasmavs,4,1280,3,-1,3,-1,3,-1,3,-1,3,-1,3,-1
dondon_1292,dallasmavs,4,8865,3,-1,3,-1,3,-1,3,-1,3,-1,3,-1
LilPudsNFT,dallasmavs,4,11853,3,-1,3,-1,3,-1,3,-1,3,-1,3,-1
ChrisBSilva1,dallasmavs,4,1250,3,-1,3,-1,3,-1,3,-1,3,-1,3,-1
Tongus9,dallasmavs,3,-1,3,-1,3,-1,4,705,3,-1,3,-1,3,-1
jjooee_00,dallasmavs,4,2843,3,-1,3,-1,3,-1,3,-1,3,-1,3,-1
LokensgardMike,dallasmavs,4,2285,3,-1,3,-1,3,-1,3,-1,3,-1,3,-1
slum17_,dallasmavs,4,9734,3,-1,3,-1,3,-1,3,-1,3,-1,3,-1
Sarah6t,dallasmavs,4,3167,3,-1,3,-1,3,-1,3,-1,3,-1,3,-1
kelleysqkid,dallasmavs,4,8446,3,-1,3,-1,3,-1,3,-1,3,-1,3,-1
gus_logue,dallasmavs,4,2866,3,-1,3,-1,3,-1,3,-1,3,-1,3,-1
esteban_iggy,dallasmavs,4,10488,3,-1,3,-1,3,-1,3,-1,3,-1,3,-1
austindavis607,dallasmavs,4,7882,3,-1,3,-1,3,-1,3,-1,3,-1,3,-1
tonywil96611603,dallasmavs,4,1301,3,-1,3,-1,3,-1,3,-1,3,-1,3,-1
PattyLDixon,dallasmavs,4,14272,3,-1,3,-1,3,-1,3,-1,3,-1,3,-1
kfishke624,dallasmavs,4,2030,3,-1,3,-1,3,-1,3,-1,3,-1,3,-1
RevereAnnie,dallasmavs,4,2350,3,-1,3,-1,3,-1,3,-1,3,-1,3,-1
sailormontero,dallasmavs,3,-1,4,1923,3,-1,3,-1,3,-1,3,-1,3,-1
WeLoveVis,dallasmavs,4,2623,3,-1,3,-1,3,-1,3,-1,3,-1,3,-1
kenzienichols4,dallasmavs,4,16290,3,-1,3,-1,3,-1,3,-1,3,-1,3,-1
ToddColemanMD1,dallasmavs,4,44014,3,-1,3,-1,3,-1,3,-1,3,-1,3,-1
RealJohnPowers,dallasmavs,4,7870,3,-1,3,-1,3,-1,3,-1,3,-1,3,-1
jasonlgriffin,dallasmavs,4,6897,3,-1,3,-1,3,-1,3,-1,3,-1,3,-1
generoth32,dallasmavs,4,3264,3,-1,3,-1,3,-1,3,-1,3,-1,3,-1
XYZ_dept3L,dallasmavs,4,3015,3,-1,3,-1,3,-1,3,-1,3,-1,3,-1
RadiantErick,dallasmavs,4,13779,3,-1,3,-1,3,-1,3,-1,3,-1,3,-1
KadeGreen7,dallasmavs,4,4605,3,-1,3,-1,3,-1,3,-1,3,-1,3,-1
CoachBrewer54,dallasmavs,4,6186,3,-1,3,-1,3,-1,3,-1,3,-1,3,-1
sherouselogan1,dallasmavs,4,2455,3,-1,3,-1,3,-1,3,-1,3,-1,3,-1
mlgoldschmidt,dallasmavs,4,10086,3,-1,3,-1,3,-1,3,-1,3,-1,3,-1
StephenCortez66,dallasmavs,4,10760,3,-1,3,-1,3,-1,3,-1,3,-1,3,-1
Vimmy,dallasmavs,4,22260,3,-1,3,-1,3,-1,3,-1,3,-1,3,-1
keden14,dallasmavs,4,585,3,-1,3,-1,3,-1,3,-1,3,-1,3,-1
alex_fetters,dallasmavs,4,582,3,-1,3,-1,3,-1,3,-1,3,-1,3,-1
Cbasschronicles,dallasmavs,4,7848,3,-1,3,-1,3,-1,3,-1,3,-1,3,-1
rashidnyc,dallasmavs,4,2542,3,-1,3,-1,3,-1,3,-1,3,-1,3,-1
susannah21,dallasmavs,4,1648,3,-1,3,-1,3,-1,3,-1,3,-1,3,-1
OUSooners1434,dallasmavs,3,-1,3,-1,3,-1,4,1162,3,-1,3,-1,3,-1
konobijuda,dallasmavs,4,2741,3,-1,3,-1,3,-1,3,-1,3,-1,3,-1
ChellGod7,dallasmavs,4,2384,3,-1,3,-1,3,-1,3,-1,3,-1,3,-1
kinneTrill,dallasmavs,4,6010,3,-1,3,-1,3,-1,3,-1,3,-1,3,-1
OwenManning19,dallasmavs,4,603,3,-1,3,-1,3,-1,3,-1,3,-1,3,-1
jacjax02,dallasmavs,4,2536,3,-1,3,-1,3,-1,3,-1,3,-1,3,-1
sinai_diaz_,dallasmavs,4,847,3,-1,3,-1,3,-1,3,-1,3,-1,3,-1
tsmitty0326,dallasmavs,3,-1,3,-1,3,-1,4,968,3,-1,3,-1,3,-1
Elizabe50712881,dallasmavs,4,6324,3,-1,3,-1,3,-1,3,-1,3,-1,3,-1
StarLordLegoGod,dallasmavs,3,-1,3,-1,3,-1,4,1040,3,-1,3,-1,3,-1
TreRamsey2,dallasmavs,4,1544,3,-1,3,-1,3,-1,3,-1,3,-1,3,-1
thersburner,dallasmavs,4,4734,3,-1,3,-1,3,-1,3,-1,3,-1,3,-1
jackemers,dallasmavs,4,8029,3,-1,3,-1,3,-1,3,-1,3,-1,3,-1
OneHandHollis,dallasmavs,4,1463,3,-1,3,-1,3,-1,3,-1,3,-1,3,-1
dylanwadeburris,dallasmavs,4,3075,3,-1,3,-1,3,-1,3,-1,3,-1,3,-1
DavDav97,dallasmavs,4,2434,3,-1,3,-1,3,-1,3,-1,3,-1,3,-1
CryptoKnight19,dallasmavs,3,-1,3,-1,3,-1,3,-1,4,612,3,-1,3,-1
dawsongolf1234,dallasmavs,4,756,3,-1,3,-1,3,-1,3,-1,3,-1,3,-1
StevenBeatrice,dallasmavs,4,3665,3,-1,3,-1,3,-1,3,-1,3,-1,3,-1
TdotRaptors4li1,dallasmavs,4,10176,3,-1,3,-1,3,-1,3,-1,3,-1,3,-1
1Mortify,dallasmavs,4,11246,3,-1,3,-1,3,-1,3,-1,3,-1,3,-1
joellenagy,dallasmavs,4,1602,3,-1,3,-1,3,-1,3,-1,3,-1,3,-1
tommywinter_,dallasmavs,4,3100,3,-1,3,-1,3,-1,3,-1,3,-1,3,-1
MahomesMichelle,dallasmavs,4,9027,3,-1,3,-1,3,-1,3,-1,3,-1,3,-1
canturam13,dallasmavs,4,6413,3,-1,3,-1,3,-1,3,-1,3,-1,3,-1
ShelbyRaye27,dallasmavs,4,6940,3,-1,3,-1,3,-1,3,-1,3,-1,3,-1
BigMeezzy,dallasmavs,4,7896,3,-1,3,-1,3,-1,3,-1,3,-1,3,-1
DJDeeJay97,dallasmavs,4,2536,3,-1,3,-1,3,-1,3,-1,3,-1,3,-1
krikalika,dallasmavs,3,-1,4,14569,3,-1,4,40661,3,-1,3,-1,3,-1
FloridaCrackhe1,dallasmavs,4,6817,3,-1,3,-1,3,-1,3,-1,3,-1,3,-1
odaat7777,dallasmavs,4,2068,3,-1,3,-1,3,-1,3,-1,3,-1,3,-1
mtresmor,dallasmavs,4,21374,3,-1,3,-1,3,-1,3,-1,3,-1,3,-1
SarahLWoodruff,dallasmavs,4,7328,3,-1,3,-1,3,-1,3,-1,3,-1,3,-1
Peyote231,dallasmavs,4,3215,3,-1,3,-1,3,-1,3,-1,3,-1,3,-1
bostoncowboy14,dallasmavs,4,587,3,-1,3,-1,3,-1,3,-1,3,-1,3,-1
PlayoffMakar,dallasmavs,4,2317,3,-1,3,-1,3,-1,3,-1,3,-1,3,-1
bianchiwv,dallasmavs,4,3260,3,-1,3,-1,3,-1,3,-1,3,-1,3,-1
clayton_vanelst,dallasmavs,4,7201,3,-1,3,-1,3,-1,3,-1,3,-1,3,-1
johnnydavis00,dallasmavs,4,7864,3,-1,3,-1,3,-1,3,-1,3,-1,3,-1
LeedsUnitedUK,dallasmavs,4,7992,3,-1,3,-1,3,-1,3,-1,3,-1,3,-1
kebutuhankita,dallasmavs,3,-1,3,-1,3,-1,4,2873,3,-1,3,-1,3,-1
